date,lottery,full_number,last_3,digit_1,digit_2,digit_3,day_of_week,day,month,lag_d1_1,lag_d2_1,lag_d3_1,lag_d1_2,lag_d2_2,lag_d3_2,lag_d1_3,lag_d2_3,lag_d3_3,lag_d1_4,lag_d2_4,lag_d3_4,lag_d1_5,lag_d2_5,lag_d3_5,delta_d1_1,delta_d2_1,delta_d3_1,delta_d1_2,delta_d2_2,delta_d3_2,delta_d1_3,delta_d2_3,delta_d3_3,roll_d1,roll_d2,roll_d3,dist_d1,dist_d2,dist_d3,is_even_d1,is_even_d2,is_even_d3
2025-09-19,Suvarna Keralam,870677,677,6,7,7,4,19,9,7.0,1.0,6.0,7.0,5.0,3.0,7.0,2.0,7.0,6.0,8.0,8.0,7.0,0.0,9.0,0.0,-4.0,3.0,0.0,3.0,-4.0,1.0,-6.0,-1.0,7.0,4.3,4.8,0.0,-3.3,1.2000000000000002,0,0,1
2025-09-20,Karunya,887616,616,6,1,6,5,20,9,6.0,7.0,7.0,7.0,1.0,6.0,7.0,5.0,3.0,7.0,2.0,7.0,6.0,8.0,8.0,-1.0,6.0,1.0,0.0,-4.0,3.0,0.0,3.0,-4.0,6.9,4.6,5.0,-0.9000000000000004,2.4000000000000004,2.0,1,0,0
2025-09-21,Samrudhi,235028,028,0,2,8,6,21,9,6.0,1.0,6.0,6.0,7.0,7.0,7.0,1.0,6.0,7.0,5.0,3.0,7.0,2.0,7.0,0.0,-6.0,-1.0,-1.0,6.0,1.0,0.0,-4.0,3.0,6.8,4.2,5.0,-0.7999999999999998,-3.2,1.0,1,0,1
2025-09-22,Bhagyathara,423775,775,7,7,5,0,22,9,0.0,2.0,8.0,6.0,1.0,6.0,6.0,7.0,7.0,7.0,1.0,6.0,7.0,5.0,3.0,-6.0,1.0,2.0,0.0,-6.0,-1.0,-1.0,6.0,1.0,6.2,3.9,5.8,-6.2,-1.9,2.2,1,1,1
2025-09-23,Sthree Sakthi,840144,144,1,4,4,1,23,9,7.0,7.0,5.0,0.0,2.0,8.0,6.0,1.0,6.0,6.0,7.0,7.0,7.0,1.0,6.0,7.0,5.0,-3.0,-6.0,1.0,2.0,0.0,-6.0,-1.0,6.2,3.9,6.0,0.7999999999999998,3.1,-1.0,0,0,0
2025-09-24,Dhanalekshmi,389960,960,9,6,0,2,24,9,1.0,4.0,4.0,7.0,7.0,5.0,0.0,2.0,8.0,6.0,1.0,6.0,6.0,7.0,7.0,-6.0,-3.0,-1.0,7.0,5.0,-3.0,-6.0,1.0,2.0,5.4,3.7,6.3,-4.4,0.2999999999999998,-2.3,0,1,1
2025-09-25,KARUNYA PLUS,430879,879,8,7,9,3,25,9,9.0,6.0,0.0,1.0,4.0,4.0,7.0,7.0,5.0,0.0,2.0,8.0,6.0,1.0,6.0,8.0,2.0,-4.0,-6.0,-3.0,-1.0,7.0,5.0,-3.0,5.6,4.3,5.4,3.4000000000000004,1.7000000000000002,-5.4,0,1,1
2025-09-26,Suvarna Keralam,648907,907,9,0,7,4,26,9,8.0,7.0,9.0,9.0,6.0,0.0,1.0,4.0,4.0,7.0,7.0,5.0,0.0,2.0,8.0,-1.0,1.0,9.0,8.0,2.0,-4.0,-6.0,-3.0,-1.0,5.8,4.2,5.5,2.2,2.8,3.5,1,0,0
2025-09-28,Samrudhi,507167,167,1,6,7,6,28,9,9.0,0.0,7.0,8.0,7.0,9.0,9.0,6.0,0.0,1.0,4.0,4.0,7.0,7.0,5.0,1.0,-7.0,-2.0,-1.0,1.0,9.0,8.0,2.0,-4.0,6.0,4.0,5.5,3.0,-4.0,1.5,0,1,0
2025-09-29,Bhagyathara,669175,175,1,7,5,0,29,9,1.0,6.0,7.0,9.0,0.0,7.0,8.0,7.0,9.0,9.0,6.0,0.0,1.0,4.0,4.0,-8.0,6.0,0.0,1.0,-7.0,-2.0,-1.0,1.0,9.0,5.4,4.1,5.9,-4.4,1.9000000000000004,1.0999999999999996,0,1,0
2025-09-30,Sthree Sakthi,500622,622,6,2,2,1,30,9,1.0,7.0,5.0,1.0,6.0,7.0,9.0,0.0,7.0,8.0,7.0,9.0,9.0,6.0,0.0,0.0,1.0,-2.0,-8.0,6.0,0.0,1.0,-7.0,-2.0,4.8,4.7,5.8,-3.8,2.3,-0.7999999999999998,0,0,0
2025-10-01,Dhanalekshmi,784922,922,9,2,2,2,1,10,6.0,2.0,2.0,1.0,7.0,5.0,1.0,6.0,7.0,9.0,0.0,7.0,8.0,7.0,9.0,5.0,-5.0,-3.0,0.0,1.0,-2.0,-8.0,6.0,0.0,4.8,4.2,5.3,1.2000000000000002,-2.2,-3.3,1,1,1
2025-10-03,Suvarna Keralam,823274,274,2,7,4,4,3,10,9.0,2.0,2.0,6.0,2.0,2.0,1.0,7.0,5.0,1.0,6.0,7.0,9.0,0.0,7.0,3.0,0.0,0.0,5.0,-5.0,-3.0,0.0,1.0,-2.0,5.1,4.3,4.9,3.9000000000000004,-2.3,-2.9000000000000004,0,1,1
2025-10-04,Thiruvonam Bumper,577825,825,8,2,5,5,4,10,2.0,7.0,4.0,9.0,2.0,2.0,6.0,2.0,2.0,1.0,7.0,5.0,1.0,6.0,7.0,-7.0,5.0,2.0,3.0,0.0,0.0,5.0,-5.0,-3.0,5.3,4.8,4.5,-3.3,2.2,-0.5,1,0,1
2025-10-04,Karunya,252617,617,6,1,7,5,4,10,8.0,2.0,5.0,2.0,7.0,4.0,9.0,2.0,2.0,6.0,2.0,2.0,1.0,7.0,5.0,6.0,-5.0,1.0,-7.0,5.0,2.0,3.0,0.0,0.0,5.4,4.3,4.5,2.5999999999999996,-2.3,0.5,1,1,0
2025-10-05,Samrudhi,275170,170,1,7,0,6,5,10,6.0,1.0,7.0,8.0,2.0,5.0,2.0,7.0,4.0,9.0,2.0,2.0,6.0,2.0,2.0,-2.0,-1.0,2.0,6.0,-5.0,1.0,-7.0,5.0,2.0,5.9,4.0,4.8,0.09999999999999964,-3.0,2.2,1,0,0
2025-10-06,Bhagyathara,736437,437,4,3,7,0,6,10,1.0,7.0,0.0,6.0,1.0,7.0,8.0,2.0,5.0,2.0,7.0,4.0,9.0,2.0,2.0,-5.0,6.0,-7.0,-2.0,-1.0,2.0,6.0,-5.0,1.0,5.1,4.1,4.8,-4.1,2.9000000000000004,-4.8,0,0,1
2025-10-07,Sthree Sakthi,313693,693,6,9,3,1,7,10,4.0,3.0,7.0,1.0,7.0,0.0,6.0,1.0,7.0,8.0,2.0,5.0,2.0,7.0,4.0,3.0,-4.0,7.0,-5.0,6.0,-7.0,-2.0,-1.0,2.0,4.7,3.7,4.6,-0.7000000000000002,-0.7000000000000002,2.4000000000000004,1,0,0
2025-10-08,Dhanalekshmi,289424,424,4,2,4,2,8,10,6.0,9.0,3.0,4.0,3.0,7.0,1.0,7.0,0.0,6.0,1.0,7.0,8.0,2.0,5.0,2.0,6.0,-4.0,3.0,-4.0,7.0,-5.0,6.0,-7.0,4.4,4.6,4.2,1.5999999999999996,4.4,-1.2000000000000002,1,0,0
2025-10-09,Karunya Plus,511475,475,4,7,5,3,9,10,4.0,2.0,4.0,6.0,9.0,3.0,4.0,3.0,7.0,1.0,7.0,0.0,6.0,1.0,7.0,-2.0,-7.0,1.0,2.0,6.0,-4.0,3.0,-4.0,7.0,4.7,4.2,3.9,-0.7000000000000002,-2.2,0.10000000000000009,1,1,1
2025-10-10,Suvarna Keralam,265228,228,2,2,8,4,10,10,4.0,7.0,5.0,4.0,2.0,4.0,6.0,9.0,3.0,4.0,3.0,7.0,1.0,7.0,0.0,0.0,5.0,1.0,-2.0,-7.0,1.0,2.0,6.0,-4.0,5.0,4.2,3.9,-1.0,2.8,1.1,1,0,0
2025-10-11,Karunya,705767,767,7,6,7,5,11,10,2.0,2.0,8.0,4.0,7.0,5.0,4.0,2.0,4.0,6.0,9.0,3.0,4.0,3.0,7.0,-2.0,-5.0,3.0,0.0,5.0,1.0,-2.0,-7.0,1.0,4.6,4.2,4.5,-2.5999999999999996,-2.2,3.5,1,1,1
2025-10-12,Samrudhi,796935,935,9,3,5,6,12,10,7.0,6.0,7.0,2.0,2.0,8.0,4.0,7.0,5.0,4.0,2.0,4.0,6.0,9.0,3.0,5.0,4.0,-1.0,-2.0,-5.0,3.0,0.0,5.0,1.0,4.4,4.6,5.0,2.5999999999999996,1.4000000000000004,2.0,0,1,0
2025-10-13,Bhagyathara,219935,935,9,3,5,0,13,10,9.0,3.0,5.0,7.0,6.0,7.0,2.0,2.0,8.0,4.0,7.0,5.0,4.0,2.0,4.0,2.0,-3.0,-2.0,5.0,4.0,-1.0,-2.0,-5.0,3.0,5.1,4.2,5.1,3.9000000000000004,-1.2000000000000002,-0.09999999999999964,0,0,0
2025-10-14,Sthree Sakthi,649740,740,7,4,0,1,14,10,9.0,3.0,5.0,9.0,3.0,5.0,7.0,6.0,7.0,2.0,2.0,8.0,4.0,7.0,5.0,0.0,0.0,0.0,2.0,-3.0,-2.0,5.0,4.0,-1.0,5.2,4.3,5.1,3.8,-1.2999999999999998,-0.09999999999999964,0,0,0
2025-10-15,Dhanalekshmi,867458,458,4,5,8,2,15,10,7.0,4.0,0.0,9.0,3.0,5.0,9.0,3.0,5.0,7.0,6.0,7.0,2.0,2.0,8.0,-2.0,1.0,-5.0,0.0,0.0,0.0,2.0,-3.0,-2.0,5.3,4.6,4.4,1.7000000000000002,-0.5999999999999996,-4.4,0,1,1
2025-10-16,Karunya Plus,504987,987,9,8,7,3,16,10,4.0,5.0,8.0,7.0,4.0,0.0,9.0,3.0,5.0,9.0,3.0,5.0,7.0,6.0,7.0,-3.0,1.0,8.0,-2.0,1.0,-5.0,0.0,0.0,0.0,5.6,4.4,5.2,-1.5999999999999996,0.5999999999999996,2.8,1,0,1
2025-10-17,Suvarna Keralam,749913,913,9,1,3,4,17,10,9.0,8.0,7.0,4.0,5.0,8.0,7.0,4.0,0.0,9.0,3.0,5.0,9.0,3.0,5.0,5.0,3.0,-1.0,-3.0,1.0,8.0,-2.0,1.0,-5.0,6.1,4.9,5.2,2.9000000000000004,3.0999999999999996,1.7999999999999998,0,1,0
2025-10-18,Karunya,708982,982,9,8,2,5,18,10,9.0,1.0,3.0,9.0,8.0,7.0,4.0,5.0,8.0,7.0,4.0,0.0,9.0,3.0,5.0,0.0,-7.0,-4.0,5.0,3.0,-1.0,-3.0,1.0,8.0,6.4,4.1,5.2,2.5999999999999996,-3.0999999999999996,-2.2,0,0,0
2025-10-19,Samrudhi,718692,692,6,9,2,6,19,10,9.0,8.0,2.0,9.0,1.0,3.0,9.0,8.0,7.0,4.0,5.0,8.0,7.0,4.0,0.0,0.0,7.0,-1.0,0.0,-7.0,-4.0,5.0,3.0,-1.0,6.9,4.7,5.0,2.0999999999999996,3.3,-3.0,0,1,1
2025-10-20,Bhagyathara,176282,282,2,8,2,0,20,10,6.0,9.0,2.0,9.0,8.0,2.0,9.0,1.0,3.0,9.0,8.0,7.0,4.0,5.0,8.0,-3.0,1.0,0.0,0.0,7.0,-1.0,0.0,-7.0,-4.0,7.1,4.9,4.7,-1.0999999999999996,4.1,-2.7,1,0,1
2025-10-21,Sthree Sakthi,638137,137,1,3,7,1,21,10,2.0,8.0,2.0,6.0,9.0,2.0,9.0,8.0,2.0,9.0,1.0,3.0,9.0,8.0,7.0,-4.0,-1.0,0.0,-3.0,1.0,0.0,0.0,7.0,-1.0,7.1,5.5,4.1,-5.1,2.5,-2.0999999999999996,1,1,1
2025-10-22,Dhanalekshmi,966451,451,4,5,1,2,22,10,1.0,3.0,7.0,2.0,8.0,2.0,6.0,9.0,2.0,9.0,8.0,2.0,9.0,1.0,3.0,-1.0,-5.0,5.0,-4.0,-1.0,0.0,-3.0,1.0,0.0,6.5,5.2,4.1,-5.5,-2.2,2.9000000000000004,0,0,0
2025-10-23,Karunya Plus,539160,160,1,6,0,3,23,10,4.0,5.0,1.0,1.0,3.0,7.0,2.0,8.0,2.0,6.0,9.0,2.0,9.0,8.0,2.0,3.0,2.0,-6.0,-1.0,-5.0,5.0,-4.0,-1.0,0.0,6.0,5.4,3.7,-2.0,-0.40000000000000036,-2.7,1,0,0
2025-10-24,Suvarna Keralam,829220,220,2,2,0,4,24,10,1.0,6.0,0.0,4.0,5.0,1.0,1.0,3.0,7.0,2.0,8.0,2.0,6.0,9.0,2.0,-3.0,1.0,-1.0,3.0,2.0,-6.0,-1.0,-5.0,5.0,5.2,5.7,3.2,-4.2,0.2999999999999998,-3.2,0,1,1
2025-10-25,Karunya,115200,200,2,0,0,5,25,10,2.0,2.0,0.0,1.0,6.0,0.0,4.0,5.0,1.0,1.0,3.0,7.0,2.0,8.0,2.0,1.0,-4.0,0.0,-3.0,1.0,-1.0,3.0,2.0,-6.0,4.7,5.5,3.2,-2.7,-3.5,-3.2,1,1,1
2025-10-26,Samrudhi,660690,690,6,9,0,6,26,10,2.0,0.0,0.0,2.0,2.0,0.0,1.0,6.0,0.0,4.0,5.0,1.0,1.0,3.0,7.0,0.0,-2.0,0.0,1.0,-4.0,0.0,-3.0,1.0,-1.0,4.5,5.0,2.4,-2.5,-5.0,-2.4,1,1,1
2025-10-27,Bhagyathara,435969,969,9,6,9,0,27,10,6.0,9.0,0.0,2.0,0.0,0.0,2.0,2.0,0.0,1.0,6.0,0.0,4.0,5.0,1.0,4.0,9.0,0.0,0.0,-2.0,0.0,1.0,-4.0,0.0,4.2,5.1,1.7,1.7999999999999998,3.9000000000000004,-1.7,1,0,1
2025-10-28,Sthree Sakthi,295782,782,7,8,2,1,28,10,9.0,6.0,9.0,6.0,9.0,0.0,2.0,0.0,0.0,2.0,2.0,0.0,1.0,6.0,0.0,3.0,-3.0,9.0,4.0,9.0,0.0,0.0,-2.0,0.0,4.2,5.6,2.3,4.8,0.40000000000000036,6.7,0,1,0
2025-10-29,Dhanalekshmi,806613,613,6,1,3,2,29,10,7.0,8.0,2.0,9.0,6.0,9.0,6.0,9.0,0.0,2.0,0.0,0.0,2.0,2.0,0.0,-2.0,2.0,-7.0,3.0,-3.0,9.0,4.0,9.0,0.0,4.0,5.6,2.3,3.0,2.4000000000000004,-0.2999999999999998,0,1,1
2025-10-30,Karunya Plus,873206,206,2,0,6,3,30,10,6.0,1.0,3.0,7.0,8.0,2.0,9.0,6.0,9.0,6.0,9.0,0.0,2.0,0.0,0.0,-1.0,-7.0,1.0,-2.0,2.0,-7.0,3.0,-3.0,9.0,4.0,4.8,2.4,2.0,-3.8,0.6000000000000001,1,0,0
2025-10-31,Suvarna Keralam,580867,867,8,6,7,4,31,10,2.0,0.0,6.0,6.0,1.0,3.0,7.0,8.0,2.0,9.0,6.0,9.0,6.0,9.0,0.0,-4.0,-1.0,3.0,-1.0,-7.0,1.0,-2.0,2.0,-7.0,4.0,4.0,2.8,-2.0,-4.0,3.2,1,1,1
2025-11-01,Karunya,700735,735,7,3,5,5,1,11,8.0,6.0,7.0,2.0,0.0,6.0,6.0,1.0,3.0,7.0,8.0,2.0,9.0,6.0,9.0,6.0,6.0,1.0,-4.0,-1.0,3.0,-1.0,-7.0,1.0,4.7,4.3,2.8,3.3,1.7000000000000002,4.2,1,1,0
2025-11-02,Samrudhi,135239,239,2,3,9,6,2,11,7.0,3.0,5.0,8.0,6.0,7.0,2.0,0.0,6.0,6.0,1.0,3.0,7.0,8.0,2.0,-1.0,-3.0,-2.0,6.0,6.0,1.0,-4.0,-1.0,3.0,5.0,4.1,3.2,2.0,-1.0999999999999996,1.7999999999999998,0,0,0
2025-11-03,Bhagyathara,188930,930,9,3,0,0,3,11,2.0,3.0,9.0,7.0,3.0,5.0,8.0,6.0,7.0,2.0,0.0,6.0,6.0,1.0,3.0,-5.0,0.0,4.0,-1.0,-3.0,-2.0,6.0,6.0,1.0,5.1,3.8,4.1,-3.0999999999999996,-0.7999999999999998,4.9,1,0,0
2025-11-04,Sthree Sakthi,526612,612,6,1,2,1,4,11,9.0,3.0,0.0,2.0,3.0,9.0,7.0,3.0,5.0,8.0,6.0,7.0,2.0,0.0,6.0,7.0,0.0,-9.0,-5.0,0.0,4.0,-1.0,-3.0,-2.0,5.8,3.9,4.1,3.2,-0.8999999999999999,-4.1,0,0,1
2025-11-05,Dhanalekshmi,606067,067,0,6,7,2,5,11,6.0,1.0,2.0,9.0,3.0,0.0,2.0,3.0,9.0,7.0,3.0,5.0,8.0,6.0,7.0,-3.0,-2.0,2.0,7.0,0.0,-9.0,-5.0,0.0,4.0,6.2,4.0,4.3,-0.20000000000000018,-3.0,-2.3,1,0,1
2025-11-06,Karunya Plus,799772,772,7,7,2,3,6,11,0.0,6.0,7.0,6.0,1.0,2.0,9.0,3.0,0.0,2.0,3.0,9.0,7.0,3.0,5.0,-6.0,5.0,5.0,-3.0,-2.0,2.0,7.0,0.0,-9.0,5.6,3.7,5.0,-5.6,2.3,2.0,1,1,0
2025-11-07,Suvarna Keralam,134919,919,9,1,9,4,7,11,7.0,7.0,2.0,0.0,6.0,7.0,6.0,1.0,2.0,9.0,3.0,0.0,2.0,3.0,9.0,7.0,1.0,-5.0,-6.0,5.0,5.0,-3.0,-2.0,2.0,5.4,3.8,4.3,1.5999999999999996,3.2,-2.3,0,0,1
2025-11-08,Karunya,727880,880,8,8,0,5,8,11,9.0,1.0,9.0,7.0,7.0,2.0,0.0,6.0,7.0,6.0,1.0,2.0,9.0,3.0,0.0,2.0,-6.0,7.0,7.0,1.0,-5.0,-6.0,5.0,5.0,5.6,3.1,5.0,3.4000000000000004,-2.1,4.0,0,0,0
2025-11-09,Samrudhi,206740,740,7,4,0,6,9,11,8.0,8.0,0.0,9.0,1.0,9.0,7.0,7.0,2.0,0.0,6.0,7.0,6.0,1.0,2.0,-1.0,7.0,-9.0,2.0,-6.0,7.0,7.0,1.0,-5.0,5.8,3.8,4.7,2.2,4.2,-4.7,1,1,1
2025-11-10,Bhagyathara,409253,253,2,5,3,0,10,11,7.0,4.0,0.0,8.0,8.0,0.0,9.0,1.0,9.0,7.0,7.0,2.0,0.0,6.0,7.0,-1.0,-4.0,0.0,-1.0,7.0,-9.0,2.0,-6.0,7.0,6.3,4.2,4.1,0.7000000000000002,-0.20000000000000018,-4.1,0,1,1
2025-11-11,Sthree Sakthi,538938,938,9,3,8,1,11,11,2.0,5.0,3.0,7.0,4.0,0.0,8.0,8.0,0.0,9.0,1.0,9.0,7.0,7.0,2.0,-5.0,1.0,3.0,-1.0,-4.0,0.0,-1.0,7.0,-9.0,5.7,4.1,3.7,-3.7,0.9000000000000004,-0.7000000000000002,1,0,0
2025-11-12,Dhanalekshmi,139897,897,8,9,7,2,12,11,9.0,3.0,8.0,2.0,5.0,3.0,7.0,4.0,0.0,8.0,8.0,0.0,9.0,1.0,9.0,7.0,-2.0,5.0,-5.0,1.0,3.0,-1.0,-4.0,0.0,5.9,4.1,4.0,3.0999999999999996,-1.0999999999999996,4.0,0,0,1
2025-11-13,Karunya Plus,162584,584,5,8,4,3,13,11,8.0,9.0,7.0,9.0,3.0,8.0,2.0,5.0,3.0,7.0,4.0,0.0,8.0,8.0,0.0,-1.0,6.0,-1.0,7.0,-2.0,5.0,-5.0,1.0,3.0,6.5,4.7,3.8,1.5,4.3,3.2,1,0,0
2025-11-14,Suvarna Keralam,660630,630,6,3,0,4,14,11,5.0,8.0,4.0,8.0,9.0,7.0,9.0,3.0,8.0,2.0,5.0,3.0,7.0,4.0,0.0,-3.0,-1.0,-3.0,-1.0,6.0,-1.0,7.0,-2.0,5.0,6.1,5.2,4.2,-1.0999999999999996,2.8,-0.20000000000000018,0,1,1
2025-11-15,Karunya,656500,500,5,0,0,5,15,11,6.0,3.0,0.0,5.0,8.0,4.0,8.0,9.0,7.0,9.0,3.0,8.0,2.0,5.0,3.0,1.0,-5.0,-4.0,-3.0,-1.0,-3.0,-1.0,6.0,-1.0,6.1,5.4,4.0,-0.09999999999999964,-2.4000000000000004,-4.0,1,0,1
2025-11-16,Samrudhi,294829,829,8,2,9,6,16,11,5.0,0.0,0.0,6.0,3.0,0.0,5.0,8.0,4.0,8.0,9.0,7.0,9.0,3.0,8.0,-1.0,-3.0,0.0,1.0,-5.0,-4.0,-3.0,-1.0,-3.0,6.6,4.8,3.3,-1.5999999999999996,-4.8,-3.3,0,1,1
2025-11-17,Bhagyathara,276402,402,4,0,2,0,17,11,8.0,2.0,9.0,5.0,0.0,0.0,6.0,3.0,0.0,5.0,8.0,4.0,8.0,9.0,7.0,3.0,2.0,9.0,-1.0,-3.0,0.0,1.0,-5.0,-4.0,6.7,4.3,4.0,1.2999999999999998,-2.3,5.0,1,1,0
2025-11-18,Sthree Sakthi,562832,832,8,3,2,1,18,11,4.0,0.0,2.0,8.0,2.0,9.0,5.0,0.0,0.0,6.0,3.0,0.0,5.0,8.0,4.0,-4.0,-2.0,-7.0,3.0,2.0,9.0,-1.0,-3.0,0.0,6.2,4.2,3.3,-2.2,-4.2,-1.2999999999999998,1,1,1
2025-11-19,Dhanalekshmi,212503,503,5,0,3,2,19,11,8.0,3.0,2.0,4.0,0.0,2.0,8.0,2.0,9.0,5.0,0.0,0.0,6.0,3.0,0.0,4.0,3.0,0.0,-4.0,-2.0,-7.0,3.0,2.0,9.0,6.2,3.7,3.5,1.7999999999999998,-0.7000000000000002,-1.5,1,0,1
2025-11-20,Karunya Plus,531453,453,4,5,3,3,20,11,5.0,0.0,3.0,8.0,3.0,2.0,4.0,0.0,2.0,8.0,2.0,9.0,5.0,0.0,0.0,-3.0,-3.0,1.0,4.0,3.0,0.0,-4.0,-2.0,-7.0,6.0,3.3,3.8,-1.0,-3.3,-0.7999999999999998,0,1,0
2025-11-21,Suvarna Keralam,236370,370,3,7,0,4,21,11,4.0,5.0,3.0,5.0,0.0,3.0,8.0,3.0,2.0,4.0,0.0,2.0,8.0,2.0,9.0,-1.0,5.0,0.0,-3.0,-3.0,1.0,4.0,3.0,0.0,6.2,3.3,3.8,-2.2,1.7000000000000002,-0.7999999999999998,1,0,0
2025-11-22,Pooja Bumper,545542,542,5,4,2,5,22,11,3.0,7.0,0.0,4.0,5.0,3.0,5.0,0.0,3.0,8.0,3.0,2.0,4.0,0.0,2.0,-1.0,2.0,-3.0,-1.0,5.0,0.0,-3.0,-3.0,1.0,5.6,3.7,3.0,-2.5999999999999996,3.3,-3.0,0,0,1
2025-11-23,Samrudhi,258190,190,1,9,0,6,23,11,5.0,4.0,2.0,3.0,7.0,0.0,4.0,5.0,3.0,5.0,0.0,3.0,8.0,3.0,2.0,2.0,-3.0,2.0,-1.0,2.0,-3.0,-1.0,5.0,0.0,5.3,3.2,2.5,-0.2999999999999998,0.7999999999999998,-0.5,0,1,1
2025-11-24,Bhagyathara,142769,769,7,6,9,0,24,11,1.0,9.0,0.0,5.0,4.0,2.0,3.0,7.0,0.0,4.0,5.0,3.0,5.0,0.0,3.0,-4.0,5.0,-2.0,2.0,-3.0,2.0,-1.0,2.0,-3.0,4.9,3.3,2.1,-3.9000000000000004,5.7,-2.1,0,0,1
2025-11-25,Sthree Sakthi,236846,846,8,4,6,1,25,11,7.0,6.0,9.0,1.0,9.0,0.0,5.0,4.0,2.0,3.0,7.0,0.0,4.0,5.0,3.0,6.0,-3.0,9.0,-4.0,5.0,-2.0,2.0,-3.0,2.0,5.0,3.6,3.0,2.0,2.4,6.0,0,1,0
2025-11-26,Dhanalekshmi,740744,744,7,4,4,2,26,11,8.0,4.0,6.0,7.0,6.0,9.0,1.0,9.0,0.0,5.0,4.0,2.0,3.0,7.0,0.0,1.0,-2.0,-3.0,6.0,-3.0,9.0,-4.0,5.0,-2.0,5.3,4.0,3.6,2.7,0.0,2.4,1,1,1
2025-11-27,Karunya Plus,465954,954,9,5,4,3,27,11,7.0,4.0,4.0,8.0,4.0,6.0,7.0,6.0,9.0,1.0,9.0,0.0,5.0,4.0,2.0,-1.0,0.0,-2.0,1.0,-2.0,-3.0,6.0,-3.0,9.0,5.2,4.2,3.1,1.7999999999999998,-0.20000000000000018,0.8999999999999999,0,1,1
2025-11-28,Suvarna Keralam,882048,048,0,4,8,4,28,11,9.0,5.0,4.0,7.0,4.0,4.0,8.0,4.0,6.0,7.0,6.0,9.0,1.0,9.0,0.0,2.0,1.0,0.0,-1.0,0.0,-2.0,1.0,-2.0,-3.0,5.7,4.7,3.3,3.3,0.2999999999999998,0.7000000000000002,0,0,1
2025-11-29,Karunya,784733,733,7,3,3,5,29,11,0.0,4.0,8.0,9.0,5.0,4.0,7.0,4.0,4.0,8.0,4.0,6.0,7.0,6.0,9.0,-9.0,-1.0,4.0,2.0,1.0,0.0,-1.0,0.0,-2.0,4.9,4.8,3.9,-4.9,-0.7999999999999998,4.1,1,1,1
2025-11-30,Samrudhi,664122,122,1,2,2,6,30,11,7.0,3.0,3.0,0.0,4.0,8.0,9.0,5.0,4.0,7.0,4.0,4.0,8.0,4.0,6.0,7.0,-1.0,-5.0,-9.0,-1.0,4.0,2.0,1.0,0.0,5.1,5.1,3.9,1.9000000000000004,-2.0999999999999996,-0.8999999999999999,0,0,0
2025-12-01,Bhagyathara,893060,060,0,6,0,0,1,12,1.0,2.0,2.0,7.0,3.0,3.0,0.0,4.0,8.0,9.0,5.0,4.0,7.0,4.0,4.0,-6.0,-1.0,-1.0,7.0,-1.0,-5.0,-9.0,-1.0,4.0,4.8,4.8,3.8,-3.8,-2.8,-1.7999999999999998,0,1,1
2025-12-02,Sthree Sakthi,249255,255,2,5,5,1,2,12,0.0,6.0,0.0,1.0,2.0,2.0,7.0,3.0,3.0,0.0,4.0,8.0,9.0,5.0,4.0,-1.0,4.0,-2.0,-6.0,-1.0,-1.0,7.0,-1.0,-5.0,4.5,4.7,3.8,-4.5,1.2999999999999998,-3.8,1,1,1
2025-12-03,Dhanalekshmi,860212,212,2,1,2,2,3,12,2.0,5.0,5.0,0.0,6.0,0.0,1.0,2.0,2.0,7.0,3.0,3.0,0.0,4.0,8.0,2.0,-1.0,5.0,-1.0,4.0,-2.0,-6.0,-1.0,-1.0,4.2,4.8,4.1,-2.2,0.20000000000000018,0.9000000000000004,1,0,0
2025-12-04,Karunya Plus,598929,929,9,2,9,3,4,12,2.0,1.0,2.0,2.0,5.0,5.0,0.0,6.0,0.0,1.0,2.0,2.0,7.0,3.0,3.0,0.0,-4.0,-3.0,2.0,-1.0,5.0,-1.0,4.0,-2.0,4.3,4.0,4.3,-2.3,-3.0,-2.3,1,0,1
2025-12-05,Suvarna Keralam,543537,537,5,3,7,4,5,12,9.0,2.0,9.0,2.0,1.0,2.0,2.0,5.0,5.0,0.0,6.0,0.0,1.0,2.0,2.0,7.0,1.0,7.0,0.0,-4.0,-3.0,2.0,-1.0,5.0,4.5,3.6,4.3,4.5,-1.6,4.7,0,1,0
2025-12-06,Karunya,289669,669,6,6,9,5,6,12,5.0,3.0,7.0,9.0,2.0,9.0,2.0,1.0,2.0,2.0,5.0,5.0,0.0,6.0,0.0,-4.0,1.0,-2.0,7.0,1.0,7.0,0.0,-4.0,-3.0,4.2,3.5,4.4,0.7999999999999998,-0.5,2.5999999999999996,0,0,0
2025-12-07,Samrudhi,870925,925,9,2,5,6,7,12,6.0,6.0,9.0,5.0,3.0,7.0,9.0,2.0,9.0,2.0,1.0,2.0,2.0,5.0,5.0,1.0,3.0,2.0,-4.0,1.0,-2.0,7.0,1.0,7.0,4.1,3.7,4.9,1.9000000000000004,2.3,4.1,1,1,0
2025-12-08,Bhagyathara,107880,880,8,8,0,0,8,12,9.0,2.0,5.0,6.0,6.0,9.0,5.0,3.0,7.0,9.0,2.0,9.0,2.0,1.0,2.0,3.0,-4.0,-4.0,1.0,3.0,2.0,-4.0,1.0,-2.0,4.1,3.4,5.0,4.9,-1.4,0.0,0,1,0
2025-12-09,Sthree Sakthi,126019,019,0,1,9,1,9,12,8.0,8.0,0.0,9.0,2.0,5.0,6.0,6.0,9.0,5.0,3.0,7.0,9.0,2.0,9.0,-1.0,6.0,-5.0,3.0,-4.0,-4.0,1.0,3.0,2.0,4.9,3.8,4.2,3.0999999999999996,4.2,-4.2,1,1,1
2025-12-10,Dhanalekshmi,940327,327,3,2,7,2,10,12,0.0,1.0,9.0,8.0,8.0,0.0,9.0,2.0,5.0,6.0,6.0,9.0,5.0,3.0,7.0,-8.0,-7.0,9.0,-1.0,6.0,-5.0,3.0,-4.0,-4.0,4.2,3.6,4.8,-4.2,-2.6,4.2,1,0,0
2025-12-11,Karunya Plus,224262,262,2,6,2,3,11,12,3.0,2.0,7.0,0.0,1.0,9.0,8.0,8.0,0.0,9.0,2.0,5.0,6.0,6.0,9.0,3.0,1.0,-2.0,-8.0,-7.0,9.0,-1.0,6.0,-5.0,4.4,3.6,5.3,-1.4000000000000004,-1.6,1.7000000000000002,0,1,0
2025-12-12,Suvarna Keralam,435995,995,9,9,5,4,12,12,2.0,6.0,2.0,3.0,2.0,7.0,0.0,1.0,9.0,8.0,8.0,0.0,9.0,2.0,5.0,-1.0,4.0,-5.0,3.0,1.0,-2.0,-8.0,-7.0,9.0,4.6,3.6,5.5,-2.5999999999999996,2.4,-3.5,1,1,1
2025-12-13,Karunya,839146,146,1,4,6,5,13,12,9.0,9.0,5.0,2.0,6.0,2.0,3.0,2.0,7.0,0.0,1.0,9.0,8.0,8.0,0.0,7.0,3.0,3.0,-1.0,4.0,-5.0,3.0,1.0,-2.0,5.3,4.0,5.5,3.7,5.0,-0.5,0,0,0
2025-12-14,Samrudhi,136682,682,6,8,2,6,14,12,1.0,4.0,6.0,9.0,9.0,5.0,2.0,6.0,2.0,3.0,2.0,7.0,0.0,1.0,9.0,-8.0,-5.0,1.0,7.0,3.0,3.0,-1.0,4.0,-5.0,5.2,4.3,5.9,-4.2,-0.2999999999999998,0.09999999999999964,0,1,1
2025-12-15,Bhagyathara,125465,465,4,6,5,0,15,12,6.0,8.0,2.0,1.0,4.0,6.0,9.0,9.0,5.0,2.0,6.0,2.0,3.0,2.0,7.0,5.0,4.0,-4.0,-8.0,-5.0,1.0,7.0,3.0,3.0,4.9,4.9,5.2,1.0999999999999996,3.0999999999999996,-3.2,1,1,1
2025-12-16,Sthree Sakthi,820494,494,4,9,4,1,16,12,4.0,6.0,5.0,6.0,8.0,2.0,1.0,4.0,6.0,9.0,9.0,5.0,2.0,6.0,2.0,-2.0,-2.0,3.0,5.0,4.0,-4.0,-8.0,-5.0,1.0,4.8,5.2,5.0,-0.7999999999999998,0.7999999999999998,0.0,1,1,0
2025-12-17,Dhanalekshmi,280502,502,5,0,2,2,17,12,4.0,9.0,4.0,4.0,6.0,5.0,6.0,8.0,2.0,1.0,4.0,6.0,9.0,9.0,5.0,0.0,3.0,-1.0,-2.0,-2.0,3.0,5.0,4.0,-4.0,4.6,5.5,4.5,-0.5999999999999996,3.5,-0.5,1,0,1
2025-12-18,Karunya Plus,0466601,601,6,0,1,3,18,12,5.0,0.0,2.0,4.0,9.0,4.0,4.0,6.0,5.0,6.0,8.0,2.0,1.0,4.0,6.0,1.0,-9.0,-2.0,0.0,3.0,-1.0,-2.0,-2.0,3.0,4.2,5.3,4.2,0.7999999999999998,-5.3,-2.2,0,1,1
2025-12-19,Suvarna Keralam,589486,486,4,8,6,4,19,12,6.0,0.0,1.0,5.0,0.0,2.0,4.0,9.0,4.0,4.0,6.0,5.0,6.0,8.0,2.0,1.0,0.0,-1.0,1.0,-9.0,-2.0,0.0,3.0,-1.0,4.0,4.5,4.3,2.0,-4.5,-3.3,1,1,0
2025-12-20,Karunya,500563,563,5,6,3,5,20,12,4.0,8.0,6.0,6.0,0.0,1.0,5.0,0.0,2.0,4.0,9.0,4.0,4.0,6.0,5.0,-2.0,8.0,5.0,1.0,0.0,-1.0,1.0,-9.0,-2.0,4.4,5.2,4.0,-0.40000000000000036,2.8,2.0,1,1,1
2025-12-21,Samrudhi,266869,869,8,6,9,6,21,12,5.0,6.0,3.0,4.0,8.0,6.0,6.0,0.0,1.0,5.0,0.0,2.0,4.0,9.0,4.0,1.0,-2.0,-3.0,-2.0,8.0,5.0,1.0,0.0,-1.0,4.6,5.6,3.6,0.40000000000000036,0.40000000000000036,-0.6000000000000001,0,1,0
2025-12-22,Bhagyathara,133275,275,2,7,5,0,22,12,8.0,6.0,9.0,5.0,6.0,3.0,4.0,8.0,6.0,6.0,0.0,1.0,5.0,0.0,2.0,3.0,0.0,6.0,1.0,-2.0,-3.0,-2.0,8.0,5.0,5.2,5.6,4.3,2.8,0.40000000000000036,4.7,1,1,0
2025-12-23,Sthree Sakthi,428173,173,1,7,3,1,23,12,2.0,7.0,5.0,8.0,6.0,9.0,5.0,6.0,3.0,4.0,8.0,6.0,6.0,0.0,1.0,-6.0,1.0,-4.0,3.0,0.0,6.0,1.0,-2.0,-3.0,4.5,5.4,4.3,-2.5,1.5999999999999996,0.7000000000000002,1,0,0
2025-12-24,Dhanalekshmi,607869,869,8,6,9,2,24,12,1.0,7.0,3.0,2.0,7.0,5.0,8.0,6.0,9.0,5.0,6.0,3.0,4.0,8.0,6.0,-1.0,0.0,-2.0,-6.0,1.0,-4.0,3.0,0.0,6.0,4.5,5.7,4.0,-3.5,1.2999999999999998,-1.0,0,0,0
2025-12-25,Karunya Plus,275785,785,7,8,5,3,25,12,8.0,6.0,9.0,1.0,7.0,3.0,2.0,7.0,5.0,8.0,6.0,9.0,5.0,6.0,3.0,7.0,-1.0,6.0,-1.0,0.0,-2.0,-6.0,1.0,-4.0,4.7,5.5,4.7,3.3,0.5,4.3,1,1,0
2025-12-26,Suvarna Keralam,336954,954,9,5,4,4,26,12,7.0,8.0,5.0,8.0,6.0,9.0,1.0,7.0,3.0,2.0,7.0,5.0,8.0,6.0,9.0,-1.0,2.0,-4.0,7.0,-1.0,6.0,-1.0,0.0,-2.0,5.0,5.7,4.7,2.0,2.3,0.2999999999999998,0,1,0
2025-12-27,Karunya,452429,429,4,2,9,5,27,12,9.0,5.0,4.0,7.0,8.0,5.0,8.0,6.0,9.0,1.0,7.0,3.0,2.0,7.0,5.0,2.0,-3.0,-1.0,-1.0,2.0,-4.0,7.0,-1.0,6.0,5.5,5.3,4.7,3.5,-0.2999999999999998,-0.7000000000000002,0,0,1
2025-12-28,Samrudhi,445887,887,8,8,7,6,28,12,4.0,2.0,9.0,9.0,5.0,4.0,7.0,8.0,5.0,8.0,6.0,9.0,1.0,7.0,3.0,-5.0,-3.0,5.0,2.0,-3.0,-1.0,-1.0,2.0,-4.0,5.4,5.5,5.4,-1.4000000000000004,-3.5,3.5999999999999996,1,1,0
2025-12-29,Bhagyathara,559235,235,2,3,5,0,29,12,8.0,8.0,7.0,4.0,2.0,9.0,9.0,5.0,4.0,7.0,8.0,5.0,8.0,6.0,9.0,4.0,6.0,-2.0,-5.0,-3.0,5.0,2.0,-3.0,-1.0,5.6,6.3,6.0,2.4000000000000004,1.7000000000000002,1.0,1,1,0
2025-12-30,Sthree Sakthi,804592,592,5,9,2,1,30,12,2.0,3.0,5.0,8.0,8.0,7.0,4.0,2.0,9.0,9.0,5.0,4.0,7.0,8.0,5.0,-6.0,-5.0,-2.0,4.0,6.0,-2.0,-5.0,-3.0,5.0,5.4,5.8,5.9,-3.4000000000000004,-2.8,-0.9000000000000004,1,0,0
2025-12-31,Dhanalekshmi,869610,610,6,1,0,2,31,12,5.0,9.0,2.0,2.0,3.0,5.0,8.0,8.0,7.0,4.0,2.0,9.0,9.0,5.0,4.0,3.0,6.0,-3.0,-6.0,-5.0,-2.0,4.0,6.0,-2.0,5.4,6.1,5.8,-0.40000000000000036,2.9000000000000004,-3.8,0,0,1
2026-01-01,Karunya Plus,315592,592,5,9,2,3,1,1,6.0,1.0,0.0,5.0,9.0,2.0,2.0,3.0,5.0,8.0,8.0,7.0,4.0,2.0,9.0,1.0,-8.0,-2.0,3.0,6.0,-3.0,-6.0,-5.0,-2.0,5.2,5.6,4.9,0.7999999999999998,-4.6,-4.9,1,0,1
2026-01-02,Suvarna Keralam,231825,825,8,2,5,4,2,1,5.0,9.0,2.0,6.0,1.0,0.0,5.0,9.0,2.0,2.0,3.0,5.0,8.0,8.0,7.0,-1.0,8.0,2.0,1.0,-8.0,-2.0,3.0,6.0,-3.0,5.5,5.8,4.6,-0.5,3.2,-2.5999999999999996,0,0,1
2026-01-03,Karunya,294167,167,1,6,7,5,3,1,8.0,2.0,5.0,5.0,9.0,2.0,6.0,1.0,0.0,5.0,9.0,2.0,2.0,3.0,5.0,3.0,-7.0,3.0,-1.0,8.0,2.0,1.0,-8.0,-2.0,6.2,5.3,4.8,1.7999999999999998,-3.3,0.20000000000000018,1,1,0
2026-01-04,Samrudhi,527820,820,8,2,0,6,4,1,1.0,6.0,7.0,8.0,2.0,5.0,5.0,9.0,2.0,6.0,1.0,0.0,5.0,9.0,2.0,-7.0,4.0,2.0,3.0,-7.0,3.0,-1.0,8.0,2.0,5.5,5.3,4.6,-4.5,0.7000000000000002,2.4000000000000004,0,1,0
2026-01-05,Bhagyathara,783510,510,5,1,0,0,5,1,8.0,2.0,0.0,1.0,6.0,7.0,8.0,2.0,5.0,5.0,9.0,2.0,6.0,1.0,0.0,7.0,-4.0,-7.0,-7.0,4.0,2.0,3.0,-7.0,3.0,5.6,4.7,4.1,2.4000000000000004,-2.7,-4.1,1,1,1
2026-01-06,Sthree Sakthi,465345,345,3,4,5,1,6,1,5.0,1.0,0.0,8.0,2.0,0.0,1.0,6.0,7.0,8.0,2.0,5.0,5.0,9.0,2.0,-3.0,-1.0,0.0,7.0,-4.0,-7.0,-7.0,4.0,2.0,5.2,4.3,3.7,-0.20000000000000018,-3.3,-3.7,0,0,1
2026-01-07,Dhanalekshmi,766817,817,8,1,7,2,7,1,3.0,4.0,5.0,5.0,1.0,0.0,8.0,2.0,0.0,1.0,6.0,7.0,8.0,2.0,5.0,-2.0,3.0,5.0,-3.0,-1.0,0.0,7.0,-4.0,-7.0,5.1,4.5,3.3,-2.0999999999999996,-0.5,1.7000000000000002,0,1,0
2026-01-08,Karunya Plus,247439,439,4,3,9,3,8,1,8.0,1.0,7.0,3.0,4.0,5.0,5.0,1.0,0.0,8.0,2.0,0.0,1.0,6.0,7.0,5.0,-3.0,2.0,-2.0,3.0,5.0,-3.0,-1.0,0.0,5.1,3.8,3.3,2.9000000000000004,-2.8,3.7,1,0,0
2026-01-09,Suvarna Keralam,525735,735,7,3,5,4,9,1,4.0,3.0,9.0,8.0,1.0,7.0,3.0,4.0,5.0,5.0,1.0,0.0,8.0,2.0,0.0,-4.0,2.0,2.0,5.0,-3.0,2.0,-2.0,3.0,5.0,5.3,3.8,3.7,-1.2999999999999998,-0.7999999999999998,5.3,1,0,0
2026-01-10,Karunya,649494,494,4,9,4,5,10,1,7.0,3.0,5.0,4.0,3.0,9.0,8.0,1.0,7.0,3.0,4.0,5.0,5.0,1.0,0.0,3.0,0.0,-4.0,-4.0,2.0,2.0,5.0,-3.0,2.0,5.5,3.2,4.0,1.5,-0.20000000000000018,1.0,0,0,0
2026-01-11,Samrudhi,749464,464,4,6,4,6,11,1,4.0,9.0,4.0,7.0,3.0,5.0,4.0,3.0,9.0,8.0,1.0,7.0,3.0,4.0,5.0,-3.0,6.0,-1.0,3.0,0.0,-4.0,-4.0,2.0,2.0,5.3,4.0,4.4,-1.2999999999999998,5.0,-0.40000000000000036,1,0,1
2026-01-12,Bhagyathara,754024,024,0,2,4,0,12,1,4.0,6.0,4.0,4.0,9.0,4.0,7.0,3.0,5.0,4.0,3.0,9.0,8.0,1.0,7.0,0.0,-3.0,0.0,-3.0,6.0,-1.0,3.0,0.0,-4.0,5.2,3.7,4.6,-1.2000000000000002,2.3,-0.5999999999999996,1,1,1
2026-01-13,Sthree Sakthi,468699,699,6,9,9,1,13,1,0.0,2.0,4.0,4.0,6.0,4.0,4.0,9.0,4.0,7.0,3.0,5.0,4.0,3.0,9.0,-4.0,-4.0,0.0,0.0,-3.0,0.0,-3.0,6.0,-1.0,4.4,3.7,4.5,-4.4,-1.7000000000000002,-0.5,1,1,1
2026-01-14,Dhanalekshmi,732910,910,9,1,0,2,14,1,6.0,9.0,9.0,0.0,2.0,4.0,4.0,6.0,4.0,4.0,9.0,4.0,7.0,3.0,5.0,6.0,7.0,5.0,-4.0,-4.0,0.0,0.0,-3.0,0.0,4.9,4.0,4.7,1.0999999999999996,5.0,4.3,1,0,0
2026-01-15,Karunya Plus,743503,503,5,0,3,3,15,1,9.0,1.0,0.0,6.0,9.0,9.0,0.0,2.0,4.0,4.0,6.0,4.0,4.0,9.0,4.0,3.0,-8.0,-9.0,6.0,7.0,5.0,-4.0,-4.0,0.0,5.0,3.9,4.7,4.0,-2.9,-4.7,0,0,1
2026-01-16,Suvarna Keralam,285002,002,0,0,2,4,16,1,5.0,0.0,3.0,9.0,1.0,0.0,6.0,9.0,9.0,0.0,2.0,4.0,4.0,6.0,4.0,-4.0,-1.0,3.0,3.0,-8.0,-9.0,6.0,7.0,5.0,5.0,3.8,5.0,0.0,-3.8,-2.0,0,1,0
2026-01-17,Karunya,409745,745,7,4,5,5,17,1,0.0,0.0,2.0,5.0,0.0,3.0,9.0,1.0,0.0,6.0,9.0,9.0,0.0,2.0,4.0,-5.0,0.0,-1.0,-4.0,-1.0,3.0,3.0,-8.0,-9.0,4.7,3.4,4.7,-4.7,-3.4,-2.7,1,1,1
2026-01-18,Samrudhi,399421,421,4,2,1,6,18,1,7.0,4.0,5.0,0.0,0.0,2.0,5.0,0.0,3.0,9.0,1.0,0.0,6.0,9.0,9.0,7.0,4.0,3.0,-5.0,0.0,-1.0,-4.0,-1.0,3.0,4.6,3.7,4.5,2.4000000000000004,0.2999999999999998,0.5,0,1,0
2026-01-19,Bhagyathara,830628,628,6,2,8,0,19,1,4.0,2.0,1.0,7.0,4.0,5.0,0.0,0.0,2.0,5.0,0.0,3.0,9.0,1.0,0.0,-3.0,-2.0,-4.0,7.0,4.0,3.0,-5.0,0.0,-1.0,4.6,3.6,3.7,-0.5999999999999996,-1.6,-2.7,1,1,0
2026-01-20,Sthree Sakthi,549137,137,1,3,7,1,20,1,6.0,2.0,8.0,4.0,2.0,1.0,7.0,4.0,5.0,0.0,0.0,2.0,5.0,0.0,3.0,2.0,0.0,7.0,-3.0,-2.0,-4.0,7.0,4.0,3.0,4.5,3.5,4.0,1.5,-1.5,4.0,1,1,1
2026-01-21,Dhanalekshmi,839145,145,1,4,5,2,21,1,1.0,3.0,7.0,6.0,2.0,8.0,4.0,2.0,1.0,7.0,4.0,5.0,0.0,0.0,2.0,-5.0,1.0,-1.0,2.0,0.0,7.0,-3.0,-2.0,-4.0,4.2,2.9,4.3,-3.2,0.10000000000000009,2.7,0,0,0
2026-01-22,Karunya Plus,731141,141,1,4,1,3,22,1,1.0,4.0,5.0,1.0,3.0,7.0,6.0,2.0,8.0,4.0,2.0,1.0,7.0,4.0,5.0,0.0,1.0,-2.0,-5.0,1.0,-1.0,2.0,0.0,7.0,3.9,2.7,4.4,-2.9,1.2999999999999998,0.5999999999999996,0,1,0
2026-01-23,Suvarna Keralam,700044,044,0,4,4,4,23,1,1.0,4.0,1.0,1.0,4.0,5.0,1.0,3.0,7.0,6.0,2.0,8.0,4.0,2.0,1.0,0.0,0.0,-4.0,0.0,1.0,-2.0,-5.0,1.0,-1.0,4.0,2.9,4.1,-3.0,1.1,-3.0999999999999996,0,1,0
2026-01-24,Christmas New Year Bumper,138455,455,4,5,5,5,24,1,0.0,4.0,4.0,1.0,4.0,1.0,1.0,4.0,5.0,1.0,3.0,7.0,6.0,2.0,8.0,-1.0,0.0,3.0,0.0,0.0,-4.0,0.0,1.0,-2.0,3.4,2.4,3.6,-3.4,1.6,0.3999999999999999,1,1,1
2026-01-25,Samrudhi,428525,525,5,2,5,6,25,1,4.0,5.0,5.0,0.0,4.0,4.0,1.0,4.0,1.0,1.0,4.0,5.0,1.0,3.0,7.0,4.0,1.0,1.0,-1.0,0.0,3.0,0.0,0.0,-4.0,2.9,2.8,4.1,1.1,2.2,0.9000000000000004,1,0,0
2026-01-27,Sthree Sakthi,704507,507,5,0,7,1,27,1,5.0,2.0,5.0,4.0,5.0,5.0,0.0,4.0,4.0,1.0,4.0,1.0,1.0,4.0,5.0,1.0,-3.0,0.0,4.0,1.0,1.0,-1.0,0.0,3.0,2.9,3.0,4.3,2.1,-1.0,0.7000000000000002,0,1,0
2026-01-28,Dhanalekshmi,904882,882,8,8,2,2,28,1,5.0,0.0,7.0,5.0,2.0,5.0,4.0,5.0,5.0,0.0,4.0,4.0,1.0,4.0,1.0,0.0,-2.0,2.0,1.0,-3.0,0.0,4.0,1.0,1.0,3.4,3.0,4.8,1.6,-3.0,2.2,0,1,0
2026-01-29,Karunya Plus,393805,805,8,0,5,3,29,1,8.0,8.0,2.0,5.0,0.0,7.0,5.0,2.0,5.0,4.0,5.0,5.0,0.0,4.0,4.0,3.0,8.0,-5.0,0.0,-2.0,2.0,1.0,-3.0,0.0,3.5,3.4,4.5,4.5,4.6,-2.5,1,1,1
2026-01-30,Suvarna Keralam,207473,473,4,7,3,4,30,1,8.0,0.0,5.0,8.0,8.0,2.0,5.0,0.0,7.0,5.0,2.0,5.0,4.0,5.0,5.0,0.0,-8.0,3.0,3.0,8.0,-5.0,0.0,-2.0,2.0,3.9,3.2,4.9,4.1,-3.2,0.09999999999999964,1,1,0
2026-01-31,Karunya,972477,477,4,7,7,5,31,1,4.0,7.0,3.0,8.0,0.0,5.0,8.0,8.0,2.0,5.0,0.0,7.0,5.0,2.0,5.0,-4.0,7.0,-2.0,0.0,-8.0,3.0,3.0,8.0,-5.0,3.7,3.7,4.4,0.2999999999999998,3.3,-1.4000000000000004,1,0,0
2026-02-01,Samrudhi,390890,890,8,9,0,6,1,2,4.0,7.0,7.0,4.0,7.0,3.0,8.0,0.0,5.0,8.0,8.0,2.0,5.0,0.0,7.0,0.0,0.0,4.0,-4.0,7.0,-2.0,0.0,-8.0,3.0,4.0,4.1,4.4,0.0,2.9000000000000004,2.5999999999999996,1,0,0
2026-02-02,Bhagyathara,329983,983,9,8,3,0,2,2,8.0,9.0,0.0,4.0,7.0,7.0,4.0,7.0,3.0,8.0,0.0,5.0,8.0,8.0,2.0,4.0,2.0,-7.0,0.0,0.0,4.0,-4.0,7.0,-2.0,4.7,4.6,3.9,3.3,4.4,-3.9,1,0,1
2026-02-03,Sthree Sakthi,272988,988,9,8,8,1,3,2,9.0,8.0,3.0,8.0,9.0,0.0,4.0,7.0,7.0,4.0,7.0,3.0,8.0,0.0,5.0,1.0,-1.0,3.0,4.0,2.0,-7.0,0.0,0.0,4.0,5.5,5.0,4.1,3.5,3.0,-1.0999999999999996,0,1,0
2026-02-04,Dhanalekshmi,314235,235,2,3,5,2,4,2,9.0,8.0,8.0,9.0,8.0,3.0,8.0,9.0,0.0,4.0,7.0,7.0,4.0,7.0,3.0,0.0,0.0,5.0,1.0,-1.0,3.0,4.0,2.0,-7.0,6.4,5.4,4.5,2.5999999999999996,2.5999999999999996,3.5,0,1,1
2026-02-05,Karunya Plus,303206,206,2,0,6,3,5,2,2.0,3.0,5.0,9.0,8.0,8.0,9.0,8.0,3.0,8.0,9.0,0.0,4.0,7.0,7.0,-7.0,-5.0,-3.0,0.0,0.0,5.0,1.0,-1.0,3.0,6.2,5.2,4.5,-4.2,-2.2,0.5,1,0,0
2026-02-06,Suvarna Keralam,227873,873,8,7,3,4,6,2,2.0,0.0,6.0,2.0,3.0,5.0,9.0,8.0,8.0,9.0,8.0,3.0,8.0,9.0,0.0,0.0,-3.0,1.0,-7.0,-5.0,-3.0,0.0,0.0,5.0,5.9,5.0,4.6,-3.9000000000000004,-5.0,1.4000000000000004,1,1,1
2026-02-07,Karunya,521719,719,7,1,9,5,7,2,8.0,7.0,3.0,2.0,0.0,6.0,2.0,3.0,5.0,9.0,8.0,8.0,9.0,8.0,3.0,6.0,7.0,-3.0,0.0,-3.0,1.0,-7.0,-5.0,-3.0,6.2,5.7,4.2,1.7999999999999998,1.2999999999999998,-1.2000000000000002,1,0,0
2026-02-08,Samrudhi,950063,063,0,6,3,6,8,2,7.0,1.0,9.0,8.0,7.0,3.0,2.0,0.0,6.0,2.0,3.0,5.0,9.0,8.0,8.0,-1.0,-6.0,6.0,6.0,7.0,-3.0,0.0,-3.0,1.0,6.1,5.0,4.9,0.9000000000000004,-4.0,4.1,0,0,0
2026-02-09,Bhagyathara,196927,927,9,2,7,0,9,2,0.0,6.0,3.0,7.0,1.0,9.0,8.0,7.0,3.0,2.0,0.0,6.0,2.0,3.0,5.0,-7.0,5.0,-6.0,-1.0,-6.0,6.0,6.0,7.0,-3.0,5.3,5.6,4.7,-5.3,0.40000000000000036,-1.7000000000000002,1,1,0
2026-02-10,Sthree Sakthi,619712,712,7,1,2,1,10,2,9.0,2.0,7.0,0.0,6.0,3.0,7.0,1.0,9.0,8.0,7.0,3.0,2.0,0.0,6.0,9.0,-4.0,4.0,-7.0,5.0,-6.0,-1.0,-6.0,6.0,5.8,5.1,5.1,3.2,-3.0999999999999996,1.9000000000000004,0,1,0
2026-02-11,Dhanalekshmi,261510,510,5,1,0,2,11,2,7.0,1.0,2.0,9.0,2.0,7.0,0.0,6.0,3.0,7.0,1.0,9.0,8.0,7.0,3.0,-2.0,-1.0,-5.0,9.0,-4.0,4.0,-7.0,5.0,-6.0,6.1,4.5,4.6,0.9000000000000004,-3.5,-2.5999999999999996,0,0,1
2026-02-12,Karunya Plus,235001,001,0,0,1,3,12,2,5.0,1.0,0.0,7.0,1.0,2.0,9.0,2.0,7.0,0.0,6.0,3.0,7.0,1.0,9.0,-2.0,0.0,-2.0,-2.0,-1.0,-5.0,9.0,-4.0,4.0,5.8,3.7,4.6,-0.7999999999999998,-2.7,-4.6,0,0,1
2026-02-13,Suvarna Keralam,797665,665,6,6,5,4,13,2,0.0,0.0,1.0,5.0,1.0,0.0,7.0,1.0,2.0,9.0,2.0,7.0,0.0,6.0,3.0,-5.0,-1.0,1.0,-2.0,0.0,-2.0,-2.0,-1.0,-5.0,4.9,2.9,4.4,-4.9,-2.9,-3.4000000000000004,1,1,0
2026-02-14,Karunya,889462,462,4,6,2,5,14,2,6.0,6.0,5.0,0.0,0.0,1.0,5.0,1.0,0.0,7.0,1.0,2.0,9.0,2.0,7.0,6.0,6.0,4.0,-5.0,-1.0,1.0,-2.0,0.0,-2.0,4.6,2.7,4.1,1.4000000000000004,3.3,0.9000000000000004,1,1,0
2026-02-15,Samrudhi,194330,330,3,3,0,6,15,2,4.0,6.0,2.0,6.0,6.0,5.0,0.0,0.0,1.0,5.0,1.0,0.0,7.0,1.0,2.0,-2.0,0.0,-3.0,6.0,6.0,4.0,-5.0,-1.0,1.0,4.8,3.0,3.8,-0.7999999999999998,3.0,-1.7999999999999998,1,1,1
2026-02-16,Bhagyathara,540307,307,3,0,7,0,16,2,3.0,3.0,0.0,4.0,6.0,2.0,6.0,6.0,5.0,0.0,0.0,1.0,5.0,1.0,0.0,-1.0,-3.0,-2.0,-2.0,0.0,-3.0,6.0,6.0,4.0,4.9,3.3,3.2,-1.9000000000000004,-0.2999999999999998,-3.2,0,0,1
2026-02-17,Sthree Sakthi,595985,985,9,8,5,1,17,2,3.0,0.0,7.0,3.0,3.0,0.0,4.0,6.0,2.0,6.0,6.0,5.0,0.0,0.0,1.0,0.0,-3.0,7.0,-1.0,-3.0,-2.0,-2.0,0.0,-3.0,4.4,2.6,3.6,-1.4000000000000004,-2.6,3.4,0,1,0
2026-02-18,Dhanalekshmi,809210,210,2,1,0,2,18,2,9.0,8.0,5.0,3.0,0.0,7.0,3.0,3.0,0.0,4.0,6.0,2.0,6.0,6.0,5.0,6.0,8.0,-2.0,0.0,-3.0,7.0,-1.0,-3.0,-2.0,4.6,3.3,3.2,4.4,4.7,1.7999999999999998,0,1,0
2026-02-19,Karunya Plus,785815,815,8,1,5,3,19,2,2.0,1.0,0.0,9.0,8.0,5.0,3.0,0.0,7.0,3.0,3.0,0.0,4.0,6.0,2.0,-7.0,-7.0,-5.0,6.0,8.0,-2.0,0.0,-3.0,7.0,4.8,2.8,2.9,-2.8,-1.7999999999999998,-2.9,1,0,1
2026-02-20,Suvarna Keralam,245689,689,6,8,9,4,20,2,8.0,1.0,5.0,2.0,1.0,0.0,9.0,8.0,5.0,3.0,0.0,7.0,3.0,3.0,0.0,6.0,0.0,5.0,-7.0,-7.0,-5.0,6.0,8.0,-2.0,4.7,2.7,2.7,3.3,-1.7000000000000002,2.3,1,0,0
2026-02-21,Karunya,668293,293,2,9,3,5,21,2,6.0,8.0,9.0,8.0,1.0,5.0,2.0,1.0,0.0,9.0,8.0,5.0,3.0,0.0,7.0,-2.0,7.0,4.0,6.0,0.0,5.0,-7.0,-7.0,-5.0,4.6,3.4,3.4,1.4000000000000004,4.6,5.6,1,1,0
2026-02-22,Samrudhi,310268,268,2,6,8,6,22,2,2.0,9.0,3.0,6.0,8.0,9.0,8.0,1.0,5.0,2.0,1.0,0.0,9.0,8.0,5.0,-4.0,1.0,-6.0,-2.0,7.0,4.0,6.0,0.0,5.0,4.3,4.2,3.7,-2.3,4.8,-0.7000000000000002,1,0,0
2026-02-23,Bhagyathara,826940,940,9,4,0,0,23,2,2.0,6.0,8.0,2.0,9.0,3.0,6.0,8.0,9.0,8.0,1.0,5.0,2.0,1.0,0.0,0.0,-3.0,5.0,-4.0,1.0,-6.0,-2.0,7.0,4.0,4.5,4.8,4.4,-2.5,1.2000000000000002,3.5999999999999996,1,1,1
2026-02-24,Sthree Sakthi,543647,647,6,4,7,1,24,2,9.0,4.0,0.0,2.0,6.0,8.0,2.0,9.0,3.0,6.0,8.0,9.0,8.0,1.0,5.0,7.0,-2.0,-8.0,0.0,-3.0,5.0,-4.0,1.0,-6.0,4.8,4.6,3.9,4.2,-0.5999999999999996,-3.9,0,1,1
2026-02-25,Dhanalekshmi,500865,865,8,6,5,2,25,2,6.0,4.0,7.0,9.0,4.0,0.0,2.0,6.0,8.0,2.0,9.0,3.0,6.0,8.0,9.0,-3.0,0.0,7.0,7.0,-2.0,-8.0,0.0,-3.0,5.0,5.0,4.4,4.4,1.0,-0.40000000000000036,2.5999999999999996,1,1,0
2026-02-26,Karunya Plus,650286,286,2,8,6,3,26,2,8.0,6.0,5.0,6.0,4.0,7.0,9.0,4.0,0.0,2.0,6.0,8.0,2.0,9.0,3.0,2.0,2.0,-2.0,-3.0,0.0,7.0,7.0,-2.0,-8.0,5.5,4.7,4.9,2.5,1.2999999999999998,0.09999999999999964,1,1,0
2026-02-27,Suvarna Keralam,161862,862,8,6,2,4,27,2,2.0,8.0,6.0,8.0,6.0,5.0,6.0,4.0,7.0,9.0,4.0,0.0,2.0,6.0,8.0,-6.0,2.0,1.0,2.0,2.0,-2.0,-3.0,0.0,7.0,5.4,5.5,4.8,-3.4000000000000004,2.5,1.2000000000000002,1,1,1
2026-02-28,Karunya,333913,913,9,1,3,5,28,2,8.0,6.0,2.0,2.0,8.0,6.0,8.0,6.0,5.0,6.0,4.0,7.0,9.0,4.0,0.0,6.0,-2.0,-4.0,-6.0,2.0,1.0,2.0,2.0,-2.0,5.3,5.3,4.5,2.7,0.7000000000000002,-2.5,1,1,1
2026-03-01,SAMRUDHI,587789,789,7,8,9,6,1,3,9.0,1.0,3.0,8.0,6.0,2.0,2.0,8.0,6.0,8.0,6.0,5.0,6.0,4.0,7.0,1.0,-5.0,1.0,6.0,-2.0,-4.0,-6.0,2.0,1.0,6.0,5.3,4.8,3.0,-4.3,-1.7999999999999998,0,0,0
2026-03-02,Bhagyathara,177692,692,6,9,2,0,2,3,7.0,8.0,9.0,9.0,1.0,3.0,8.0,6.0,2.0,2.0,8.0,6.0,8.0,6.0,5.0,-2.0,7.0,6.0,1.0,-5.0,1.0,6.0,-2.0,-4.0,5.9,6.0,5.2,1.0999999999999996,2.0,3.8,0,1,0
2026-03-03,Sthree Sakthi,765596,596,5,9,6,1,3,3,6.0,9.0,2.0,7.0,8.0,9.0,9.0,1.0,3.0,8.0,6.0,2.0,2.0,8.0,6.0,-1.0,1.0,-7.0,-2.0,7.0,6.0,1.0,-5.0,1.0,5.9,6.1,4.5,0.09999999999999964,2.9000000000000004,-2.5,1,0,1
2026-03-04,Dhanalekshmi,274794,794,7,9,4,2,4,3,5.0,9.0,6.0,6.0,9.0,2.0,7.0,8.0,9.0,9.0,1.0,3.0,8.0,6.0,2.0,-1.0,0.0,4.0,-1.0,1.0,-7.0,-2.0,7.0,6.0,6.2,6.1,4.8,-1.2000000000000002,2.9000000000000004,1.2000000000000002,0,0,1
2026-03-05,Karunya Plus,855885,885,8,8,5,3,5,3,7.0,9.0,4.0,5.0,9.0,6.0,6.0,9.0,2.0,7.0,8.0,9.0,9.0,1.0,3.0,2.0,0.0,-2.0,-1.0,0.0,4.0,-1.0,1.0,-7.0,6.7,6.4,4.4,0.2999999999999998,2.5999999999999996,-0.40000000000000036,0,0,1
2026-03-06,Suvarna Keralam,607844,844,8,4,4,4,6,3,8.0,8.0,5.0,7.0,9.0,4.0,5.0,9.0,6.0,6.0,9.0,2.0,7.0,8.0,9.0,1.0,-1.0,1.0,2.0,0.0,-2.0,-1.0,0.0,4.0,6.6,6.8,4.9,1.4000000000000004,1.2000000000000002,0.09999999999999964,1,1,0
2026-03-07,Karunya,527791,791,7,9,1,5,7,3,8.0,4.0,4.0,8.0,8.0,5.0,7.0,9.0,4.0,5.0,9.0,6.0,6.0,9.0,2.0,0.0,-4.0,-1.0,1.0,-1.0,1.0,2.0,0.0,-2.0,6.8,6.8,4.6,1.2000000000000002,-2.8,-0.5999999999999996,1,1,1
2026-03-08,Samrudhi,265184,184,1,8,4,6,8,3,7.0,9.0,1.0,8.0,4.0,4.0,8.0,8.0,5.0,7.0,9.0,4.0,5.0,9.0,6.0,-1.0,5.0,-3.0,0.0,-4.0,-1.0,1.0,-1.0,1.0,6.7,7.1,4.2,0.2999999999999998,1.9000000000000004,-3.2,0,0,0
2026-03-09,Bhagyathara,705299,299,2,9,9,0,9,3,1.0,8.0,4.0,7.0,9.0,1.0,8.0,4.0,4.0,8.0,8.0,5.0,7.0,9.0,4.0,-6.0,-1.0,3.0,-1.0,5.0,-3.0,0.0,-4.0,-1.0,6.6,7.1,4.0,-5.6,0.9000000000000004,0.0,0,1,1
2026-03-10,STHREE SAKTHI,224420,420,4,2,0,1,10,3,2.0,9.0,9.0,1.0,8.0,4.0,7.0,9.0,1.0,8.0,4.0,4.0,8.0,8.0,5.0,1.0,1.0,5.0,-6.0,-1.0,3.0,-1.0,5.0,-3.0,6.0,7.4,4.7,-4.0,1.5999999999999996,4.3,1,0,0
2026-03-11,Dhanalekshmi,543799,799,7,9,9,2,11,3,4.0,2.0,0.0,2.0,9.0,9.0,1.0,8.0,4.0,7.0,9.0,1.0,8.0,4.0,4.0,2.0,-7.0,-9.0,1.0,1.0,5.0,-6.0,-1.0,3.0,5.5,7.5,4.4,-1.5,-5.5,-4.4,1,1,1
2026-03-12,Karunya Plus,306349,349,3,4,9,3,12,3,7.0,9.0,9.0,4.0,2.0,0.0,2.0,9.0,9.0,1.0,8.0,4.0,7.0,9.0,1.0,3.0,7.0,9.0,2.0,-7.0,-9.0,1.0,1.0,5.0,5.5,7.6,4.4,1.5,1.4000000000000004,4.6,0,0,0
2026-03-13,Suvarna Keralam,520875,875,8,7,5,4,13,3,3.0,4.0,9.0,7.0,9.0,9.0,4.0,2.0,0.0,2.0,9.0,9.0,1.0,8.0,4.0,-4.0,-5.0,0.0,3.0,7.0,9.0,2.0,-7.0,-9.0,5.2,7.1,5.1,-2.2,-3.0999999999999996,3.9000000000000004,0,1,0
2026-03-14,Karunya,569383,383,3,8,3,5,14,3,8.0,7.0,5.0,3.0,4.0,9.0,7.0,9.0,9.0,4.0,2.0,0.0,2.0,9.0,9.0,5.0,3.0,-4.0,-4.0,-5.0,0.0,3.0,7.0,9.0,5.5,6.9,5.0,2.5,0.09999999999999964,0.0,1,0,0
2026-03-15,Samrudhi,216603,603,6,0,3,6,15,3,3.0,8.0,3.0,8.0,7.0,5.0,3.0,4.0,9.0,7.0,9.0,9.0,4.0,2.0,0.0,-5.0,1.0,-2.0,5.0,3.0,-4.0,-4.0,-5.0,0.0,5.1,6.8,4.9,-2.0999999999999996,1.2000000000000002,-1.9000000000000004,0,1,0
2026-03-16,Bhagyathara,616697,697,6,9,7,0,16,3,6.0,0.0,3.0,3.0,8.0,3.0,8.0,7.0,5.0,3.0,4.0,9.0,7.0,9.0,9.0,3.0,-8.0,0.0,-5.0,1.0,-2.0,5.0,3.0,-4.0,4.9,6.0,4.7,1.0999999999999996,-6.0,-1.7000000000000002,1,1,0
2026-03-17,Sthree Sakthi,307202,202,2,0,2,1,17,3,6.0,9.0,7.0,6.0,0.0,3.0,3.0,8.0,3.0,8.0,7.0,5.0,3.0,4.0,9.0,0.0,9.0,4.0,3.0,-8.0,0.0,-5.0,1.0,-2.0,4.7,6.5,5.0,1.2999999999999998,2.5,2.0,1,0,0
2026-03-18,Dhanalekshmi,925315,315,3,1,5,2,18,3,2.0,0.0,2.0,6.0,9.0,7.0,6.0,0.0,3.0,3.0,8.0,3.0,8.0,7.0,5.0,-4.0,-9.0,-5.0,0.0,9.0,4.0,3.0,-8.0,0.0,4.2,5.6,5.1,-2.2,-5.6,-3.0999999999999996,1,1,1
2026-03-19,Karunya Plus,221264,264,2,6,4,3,19,3,3.0,1.0,5.0,2.0,0.0,2.0,6.0,9.0,7.0,6.0,0.0,3.0,3.0,8.0,3.0,1.0,1.0,3.0,-4.0,-9.0,-5.0,0.0,9.0,4.0,4.4,4.9,5.2,-1.4000000000000004,-3.9000000000000004,-0.20000000000000018,0,0,0
2026-03-20,Suvarna Keralam,258453,453,4,5,3,4,20,3,2.0,6.0,4.0,3.0,1.0,5.0,2.0,0.0,2.0,6.0,9.0,7.0,6.0,0.0,3.0,-1.0,5.0,-1.0,1.0,1.0,3.0,-4.0,-9.0,-5.0,4.4,4.6,4.7,-2.4000000000000004,1.4000000000000004,-0.7000000000000002,1,1,1
2026-03-21,Karunya,889280,280,2,8,0,5,21,3,4.0,5.0,3.0,2.0,6.0,4.0,3.0,1.0,5.0,2.0,0.0,2.0,6.0,9.0,7.0,2.0,-1.0,-1.0,-1.0,5.0,-1.0,1.0,1.0,3.0,4.4,4.9,5.0,-0.40000000000000036,0.09999999999999964,-2.0,1,0,0
2026-03-22,Samrudhi,227808,808,8,0,8,6,22,3,2.0,8.0,0.0,4.0,5.0,3.0,2.0,6.0,4.0,3.0,1.0,5.0,2.0,0.0,2.0,-2.0,3.0,-3.0,2.0,-1.0,-1.0,-1.0,5.0,-1.0,3.9,4.8,4.1,-1.9,3.2,-4.1,1,1,1
2026-03-23,Bhagyathara,179785,785,7,8,5,0,23,3,8.0,0.0,8.0,2.0,8.0,0.0,4.0,5.0,3.0,2.0,6.0,4.0,3.0,1.0,5.0,6.0,-8.0,8.0,-2.0,3.0,-3.0,2.0,-1.0,-1.0,4.4,4.4,4.0,3.5999999999999996,-4.4,4.0,1,1,1
2026-03-24,Sthree Sakthi,362618,618,6,1,8,1,24,3,7.0,8.0,5.0,8.0,0.0,8.0,2.0,8.0,0.0,4.0,5.0,3.0,2.0,6.0,4.0,-1.0,8.0,-3.0,6.0,-8.0,8.0,-2.0,3.0,-3.0,4.3,4.5,4.0,2.7,3.5,1.0,0,1,0
2026-03-25,Dhanalekshmi,597725,725,7,2,5,2,25,3,6.0,1.0,8.0,7.0,8.0,5.0,8.0,0.0,8.0,2.0,8.0,0.0,4.0,5.0,3.0,-1.0,-7.0,3.0,-1.0,8.0,-3.0,6.0,-8.0,8.0,4.6,3.8,4.5,1.4000000000000004,-2.8,3.5,1,0,1
2026-03-26,Karunya Plus,246185,185,1,8,5,3,26,3,7.0,2.0,5.0,6.0,1.0,8.0,7.0,8.0,5.0,8.0,0.0,8.0,2.0,8.0,0.0,1.0,1.0,-3.0,-1.0,-7.0,3.0,-1.0,8.0,-3.0,4.7,4.0,4.7,2.3,-2.0,0.2999999999999998,0,1,0
2026-03-27,Suvarna Keralam,369057,057,0,5,7,4,27,3,1.0,8.0,5.0,7.0,2.0,5.0,6.0,1.0,8.0,7.0,8.0,5.0,8.0,0.0,8.0,-6.0,6.0,0.0,1.0,1.0,-3.0,-1.0,-7.0,3.0,4.2,3.9,4.5,-3.2,4.1,0.5,0,1,0
2026-03-28,SUMMER BUMPER,517026,026,0,2,6,5,28,3,0.0,5.0,7.0,1.0,8.0,5.0,7.0,2.0,5.0,6.0,1.0,8.0,7.0,8.0,5.0,-1.0,-3.0,2.0,-6.0,6.0,0.0,1.0,1.0,-3.0,4.0,4.4,5.0,-4.0,0.5999999999999996,2.0,1,0,0
2026-03-29,Samrudhi,422635,635,6,3,5,6,29,3,0.0,2.0,6.0,0.0,5.0,7.0,1.0,8.0,5.0,7.0,2.0,5.0,6.0,1.0,8.0,0.0,-3.0,-1.0,-1.0,-3.0,2.0,-6.0,6.0,0.0,3.7,4.5,5.1,-3.7,-2.5,0.9000000000000004,1,1,1
2026-03-30,Bhagyathara,574710,710,7,1,0,0,30,3,6.0,3.0,5.0,0.0,2.0,6.0,0.0,5.0,7.0,1.0,8.0,5.0,7.0,2.0,5.0,6.0,1.0,-1.0,0.0,-3.0,-1.0,-1.0,-3.0,2.0,4.1,4.2,5.2,1.9000000000000004,-1.2000000000000002,-0.20000000000000018,1,0,0
2026-03-31,Sthree Sakthi,307508,508,5,0,8,1,31,3,7.0,1.0,0.0,6.0,3.0,5.0,0.0,2.0,6.0,0.0,5.0,7.0,1.0,8.0,5.0,1.0,-2.0,-5.0,6.0,1.0,-1.0,0.0,-3.0,-1.0,4.4,3.8,4.9,2.5999999999999996,-2.8,-4.9,0,0,1
2026-04-01,Dhanalekshmi,246443,443,4,4,3,2,1,4,5.0,0.0,8.0,7.0,1.0,0.0,6.0,3.0,5.0,0.0,2.0,6.0,0.0,5.0,7.0,-2.0,-1.0,8.0,1.0,-2.0,-5.0,6.0,1.0,-1.0,4.7,3.0,5.7,0.2999999999999998,-3.0,2.3,0,1,1
2026-04-02,Karunya Plus,382980,980,9,8,0,3,2,4,4.0,4.0,3.0,5.0,0.0,8.0,7.0,1.0,0.0,6.0,3.0,5.0,0.0,2.0,6.0,-1.0,4.0,-5.0,-2.0,-1.0,8.0,1.0,-2.0,-5.0,4.3,3.4,5.2,-0.2999999999999998,0.6000000000000001,-2.2,1,1,0
2026-04-03,Suvarna Keralam,857805,805,8,0,5,4,3,4,9.0,8.0,0.0,4.0,4.0,3.0,5.0,0.0,8.0,7.0,1.0,0.0,6.0,3.0,5.0,5.0,4.0,-3.0,-1.0,4.0,-5.0,-2.0,-1.0,8.0,4.5,3.4,4.7,4.5,4.6,-4.7,0,1,1
2026-04-04,Karunya,265220,220,2,2,0,5,4,4,8.0,0.0,5.0,9.0,8.0,0.0,4.0,4.0,3.0,5.0,0.0,8.0,7.0,1.0,0.0,-1.0,-8.0,5.0,5.0,4.0,-3.0,-1.0,4.0,-5.0,4.7,3.3,4.4,3.3,-3.3,0.5999999999999996,1,1,0
2026-04-05,Samrudhi,757518,518,5,1,8,6,5,4,2.0,2.0,0.0,8.0,0.0,5.0,9.0,8.0,0.0,4.0,4.0,3.0,5.0,0.0,8.0,-6.0,2.0,-5.0,-1.0,-8.0,5.0,5.0,4.0,-3.0,4.2,3.3,3.9,-2.2,-1.2999999999999998,-3.9,1,1,1
2026-04-06,Bhagyathara,543637,637,6,3,7,0,6,4,5.0,1.0,8.0,2.0,2.0,0.0,8.0,0.0,5.0,9.0,8.0,0.0,4.0,4.0,3.0,3.0,-1.0,8.0,-6.0,2.0,-5.0,-1.0,-8.0,5.0,4.6,2.6,4.2,0.40000000000000036,-1.6,3.8,0,0,1
2026-04-07,Sthree Sakthi,293778,778,7,7,8,1,7,4,6.0,3.0,7.0,5.0,1.0,8.0,2.0,2.0,0.0,8.0,0.0,5.0,9.0,8.0,0.0,1.0,2.0,-1.0,3.0,-1.0,8.0,-6.0,2.0,-5.0,5.2,2.4,4.2,0.7999999999999998,0.6000000000000001,2.8,1,0,0
2026-04-08,Karunya Plus,572496,496,4,9,6,2,8,4,7.0,7.0,8.0,6.0,3.0,7.0,5.0,1.0,8.0,2.0,2.0,0.0,8.0,0.0,5.0,1.0,4.0,1.0,1.0,2.0,-1.0,3.0,-1.0,8.0,5.9,2.9,4.4,1.0999999999999996,4.1,3.5999999999999996,0,0,1
2026-04-10,Suvarna Keralam,627618,618,6,1,8,4,10,4,4.0,9.0,6.0,7.0,7.0,8.0,6.0,3.0,7.0,5.0,1.0,8.0,2.0,2.0,0.0,-3.0,2.0,-2.0,1.0,4.0,1.0,1.0,2.0,-1.0,5.7,3.5,4.5,-1.7000000000000002,5.5,1.5,1,0,1
2026-04-11,Karunya,665447,447,4,4,7,5,11,4,6.0,1.0,8.0,4.0,9.0,6.0,7.0,7.0,8.0,6.0,3.0,7.0,5.0,1.0,8.0,2.0,-8.0,2.0,-3.0,2.0,-2.0,1.0,4.0,1.0,5.6,3.5,5.3,0.40000000000000036,-2.5,2.7,1,0,1
2026-04-12,Samrudhi,357901,901,9,0,1,6,12,4,4.0,4.0,7.0,6.0,1.0,8.0,4.0,9.0,6.0,7.0,7.0,8.0,6.0,3.0,7.0,-2.0,3.0,-1.0,2.0,-8.0,2.0,-3.0,2.0,-2.0,5.5,3.9,5.2,-1.5,0.10000000000000009,1.7999999999999998,1,1,0
2026-04-13,Bhagyathara,153456,456,4,5,6,0,13,4,9.0,0.0,1.0,4.0,4.0,7.0,6.0,1.0,8.0,4.0,9.0,6.0,7.0,7.0,8.0,5.0,-4.0,-6.0,-2.0,3.0,-1.0,2.0,-8.0,2.0,6.0,3.5,5.0,3.0,-3.5,-4.0,0,1,0
2026-04-14,Sthree Sakthi,127849,849,8,4,9,1,14,4,4.0,5.0,6.0,9.0,0.0,1.0,4.0,4.0,7.0,6.0,1.0,8.0,4.0,9.0,6.0,-5.0,5.0,5.0,5.0,-4.0,-6.0,-2.0,3.0,-1.0,5.5,3.2,5.6,-1.5,1.7999999999999998,0.40000000000000036,1,0,1
2026-04-15,Dhanalekshmi,889830,830,8,3,0,2,15,4,8.0,4.0,9.0,4.0,5.0,6.0,9.0,0.0,1.0,4.0,4.0,7.0,6.0,1.0,8.0,4.0,-1.0,3.0,-5.0,5.0,5.0,5.0,-4.0,-6.0,5.5,3.6,6.0,2.5,0.3999999999999999,3.0,1,1,0
2026-04-16,Karunya Plus,561807,807,8,0,7,3,16,4,8.0,3.0,0.0,8.0,4.0,9.0,4.0,5.0,6.0,9.0,0.0,1.0,4.0,4.0,7.0,0.0,-1.0,-9.0,4.0,-1.0,3.0,-5.0,5.0,5.0,6.1,3.7,6.0,1.9000000000000004,-0.7000000000000002,-6.0,1,0,1
2026-04-17,Suvarna Keralam,632730,730,7,3,0,4,17,4,8.0,0.0,7.0,8.0,3.0,0.0,8.0,4.0,9.0,4.0,5.0,6.0,9.0,0.0,1.0,0.0,-3.0,7.0,0.0,-1.0,-9.0,4.0,-1.0,3.0,6.4,3.6,5.9,1.5999999999999996,-3.6,1.0999999999999996,1,1,0
2026-04-18,Karunya,636784,784,7,8,4,5,18,4,7.0,3.0,0.0,8.0,0.0,7.0,8.0,3.0,0.0,8.0,4.0,9.0,4.0,5.0,6.0,-1.0,3.0,-7.0,0.0,-3.0,7.0,0.0,-1.0,-9.0,6.5,3.6,5.2,0.5,-0.6000000000000001,-5.2,0,0,1
2026-04-19,Samrudhi,586155,155,1,5,5,6,19,4,7.0,8.0,4.0,7.0,3.0,0.0,8.0,0.0,7.0,8.0,3.0,0.0,8.0,4.0,9.0,0.0,5.0,4.0,-1.0,3.0,-7.0,0.0,-3.0,7.0,6.5,3.7,4.8,0.5,4.3,-0.7999999999999998,0,1,1
2026-04-20,Bhagyathara,537563,563,5,6,3,0,20,4,1.0,5.0,5.0,7.0,8.0,4.0,7.0,3.0,0.0,8.0,0.0,7.0,8.0,3.0,0.0,-6.0,-3.0,1.0,0.0,5.0,4.0,-1.0,3.0,-7.0,6.2,3.3,4.7,-5.2,1.7000000000000002,0.2999999999999998,0,0,0
2026-04-21,Sthree Sakthi,285845,845,8,4,5,1,21,4,5.0,6.0,3.0,1.0,5.0,5.0,7.0,8.0,4.0,7.0,3.0,0.0,8.0,0.0,7.0,4.0,1.0,-2.0,-6.0,-3.0,1.0,0.0,5.0,4.0,6.1,3.8,4.2,-1.0999999999999996,2.2,-1.2000000000000002,0,1,0
2026-04-22,Dhanalekshmi,555400,400,4,0,0,2,22,4,8.0,4.0,5.0,5.0,6.0,3.0,1.0,5.0,5.0,7.0,8.0,4.0,7.0,3.0,0.0,3.0,-2.0,2.0,4.0,1.0,-2.0,-6.0,-3.0,1.0,6.5,3.8,4.0,1.5,0.20000000000000018,1.0,1,1,0
2026-04-23,Karunya Plus,384654,654,6,5,4,3,23,4,4.0,0.0,0.0,8.0,4.0,5.0,5.0,6.0,3.0,1.0,5.0,5.0,7.0,8.0,4.0,-4.0,-4.0,-5.0,3.0,-2.0,2.0,4.0,1.0,-2.0,6.0,3.8,3.9,-2.0,-3.8,-3.9,1,1,1
2026-04-24,Suvarna Keralam,211038,038,0,3,8,4,24,4,6.0,5.0,4.0,4.0,0.0,0.0,8.0,4.0,5.0,5.0,6.0,3.0,1.0,5.0,5.0,2.0,5.0,4.0,-4.0,-4.0,-5.0,3.0,-2.0,2.0,6.2,3.8,3.7,-0.20000000000000018,1.2000000000000002,0.2999999999999998,1,0,1
2026-04-25,Karunya,794625,625,6,2,5,5,25,4,0.0,3.0,8.0,6.0,5.0,4.0,4.0,0.0,0.0,8.0,4.0,5.0,5.0,6.0,3.0,-6.0,-2.0,4.0,2.0,5.0,4.0,-4.0,-4.0,-5.0,5.4,3.7,3.6,-5.4,-0.7000000000000002,4.4,1,0,1
2026-04-26,Samrudhi,550672,672,6,7,2,6,26,4,6.0,2.0,5.0,0.0,3.0,8.0,6.0,5.0,4.0,4.0,0.0,0.0,8.0,4.0,5.0,6.0,-1.0,-3.0,-6.0,-2.0,4.0,2.0,5.0,4.0,5.2,3.6,4.1,0.7999999999999998,-1.6,0.9000000000000004,1,1,0
2026-04-27,Bhagyathara,569038,038,0,3,8,0,27,4,6.0,7.0,2.0,6.0,2.0,5.0,0.0,3.0,8.0,6.0,5.0,4.0,4.0,0.0,0.0,0.0,5.0,-3.0,6.0,-1.0,-3.0,-6.0,-2.0,4.0,5.0,4.3,3.6,1.0,2.7,-1.6,1,0,1
2026-04-28,Sthree Sakthi,878851,851,8,5,1,1,28,4,0.0,3.0,8.0,6.0,7.0,2.0,6.0,2.0,5.0,0.0,3.0,8.0,6.0,5.0,4.0,-6.0,-4.0,6.0,0.0,5.0,-3.0,6.0,-1.0,-3.0,4.3,4.3,4.4,-4.3,-1.2999999999999998,3.5999999999999996,1,0,1
2026-04-29,Dhanalekshmi,442449,449,4,4,9,2,29,4,8.0,5.0,1.0,0.0,3.0,8.0,6.0,7.0,2.0,6.0,2.0,5.0,0.0,3.0,8.0,8.0,2.0,-7.0,-6.0,-4.0,6.0,0.0,5.0,-3.0,4.4,4.0,4.1,3.5999999999999996,1.0,-3.0999999999999996,1,0,0
2026-04-30,Karunya Plus,180857,857,8,5,7,3,30,4,4.0,4.0,9.0,8.0,5.0,1.0,0.0,3.0,8.0,6.0,7.0,2.0,6.0,2.0,5.0,-4.0,-1.0,8.0,8.0,2.0,-7.0,-6.0,-4.0,6.0,4.7,3.9,4.5,-0.7000000000000002,0.10000000000000009,4.5,1,1,0
2026-05-02,Karunya,710104,104,1,0,4,5,2,5,8.0,5.0,7.0,4.0,4.0,9.0,8.0,5.0,1.0,0.0,3.0,8.0,6.0,7.0,2.0,4.0,1.0,-2.0,-4.0,-1.0,8.0,8.0,2.0,-7.0,5.0,3.8,4.9,3.0,1.2000000000000002,2.0999999999999996,1,0,0
2026-05-03,Samrudhi,501536,536,5,3,6,6,3,5,1.0,0.0,4.0,8.0,5.0,7.0,4.0,4.0,9.0,8.0,5.0,1.0,0.0,3.0,8.0,-7.0,-5.0,-3.0,4.0,1.0,-2.0,-4.0,-1.0,8.0,4.3,3.4,4.8,-3.3,-3.4,-0.7999999999999998,0,1,1
2026-05-04,Bhagyathara,178419,419,4,1,9,0,4,5,5.0,3.0,6.0,1.0,0.0,4.0,8.0,5.0,7.0,4.0,4.0,9.0,8.0,5.0,1.0,4.0,3.0,2.0,-7.0,-5.0,-3.0,4.0,1.0,-2.0,4.4,3.7,5.4,0.5999999999999996,-0.7000000000000002,0.5999999999999996,0,0,1
2026-05-05,Sthree Sakthi,467230,230,2,3,0,1,5,5,4.0,1.0,9.0,5.0,3.0,6.0,1.0,0.0,4.0,8.0,5.0,7.0,4.0,4.0,9.0,-1.0,-2.0,3.0,4.0,3.0,2.0,-7.0,-5.0,-3.0,4.2,3.3,5.9,-0.20000000000000018,-2.3,3.0999999999999996,1,0,0
2026-05-06,Dhanalekshmi,932428,428,4,2,8,2,6,5,2.0,3.0,0.0,4.0,1.0,9.0,5.0,3.0,6.0,1.0,0.0,4.0,8.0,5.0,7.0,-2.0,2.0,-9.0,-1.0,-2.0,3.0,4.0,3.0,2.0,4.4,3.3,5.1,-2.4000000000000004,-0.2999999999999998,-5.1,1,0,1
2026-05-07,Karunya Plus,756438,438,4,3,8,3,7,5,4.0,2.0,8.0,2.0,3.0,0.0,4.0,1.0,9.0,5.0,3.0,6.0,1.0,0.0,4.0,2.0,-1.0,8.0,-2.0,2.0,-9.0,-1.0,-2.0,3.0,4.2,3.3,5.4,-0.20000000000000018,-1.2999999999999998,2.5999999999999996,1,1,1
2026-05-08,Suvarna Keralam,355123,123,1,2,3,4,8,5,4.0,3.0,8.0,4.0,2.0,8.0,2.0,3.0,0.0,4.0,1.0,9.0,5.0,3.0,6.0,0.0,1.0,0.0,2.0,-1.0,8.0,-2.0,2.0,-9.0,4.0,2.9,6.0,0.0,0.10000000000000009,2.0,1,0,1
2026-05-09,Karunya,844574,574,5,7,4,5,9,5,1.0,2.0,3.0,4.0,3.0,8.0,4.0,2.0,8.0,2.0,3.0,0.0,4.0,1.0,9.0,-3.0,-1.0,-5.0,0.0,1.0,0.0,2.0,-1.0,8.0,4.1,2.8,5.5,-3.0999999999999996,-0.7999999999999998,-2.5,0,1,0
2026-05-10,Samrudhi,902016,016,0,1,6,6,10,5,5.0,7.0,4.0,1.0,2.0,3.0,4.0,3.0,8.0,4.0,2.0,8.0,2.0,3.0,0.0,4.0,5.0,1.0,-3.0,-1.0,-5.0,0.0,1.0,0.0,3.8,3.0,5.8,1.2000000000000002,4.0,-1.7999999999999998,0,0,1
2026-05-11,Bhagyathara,109041,041,0,4,1,0,11,5,0.0,1.0,6.0,5.0,7.0,4.0,1.0,2.0,3.0,4.0,3.0,8.0,4.0,2.0,8.0,-5.0,-6.0,2.0,4.0,5.0,1.0,-3.0,-1.0,-5.0,3.4,2.7,5.5,-3.4,-1.7000000000000002,0.5,1,0,1
2026-05-12,Sthree Sakthi,502927,927,9,2,7,1,12,5,0.0,4.0,1.0,0.0,1.0,6.0,5.0,7.0,4.0,1.0,2.0,3.0,4.0,3.0,8.0,0.0,3.0,-5.0,-5.0,-6.0,2.0,4.0,5.0,1.0,2.6,2.6,4.9,-2.6,1.4,-3.9000000000000004,1,1,0
2026-05-13,Dhanalekshmi,183883,883,8,8,3,2,13,5,9.0,2.0,7.0,0.0,4.0,1.0,0.0,1.0,6.0,5.0,7.0,4.0,1.0,2.0,3.0,9.0,-2.0,6.0,0.0,3.0,-5.0,-5.0,-6.0,2.0,3.4,2.8,5.2,5.6,-0.7999999999999998,1.7999999999999998,0,1,0
2026-05-14,Karunya Plus,725834,834,8,3,4,3,14,5,8.0,8.0,3.0,9.0,2.0,7.0,0.0,4.0,1.0,0.0,1.0,6.0,5.0,7.0,4.0,-1.0,6.0,-4.0,9.0,-2.0,6.0,0.0,3.0,-5.0,3.7,3.3,4.9,4.3,4.7,-1.9000000000000004,1,1,0
2026-05-15,Suvarna Keralam,281074,074,0,7,4,4,15,5,8.0,3.0,4.0,8.0,8.0,3.0,9.0,2.0,7.0,0.0,4.0,1.0,0.0,1.0,6.0,0.0,-5.0,1.0,-1.0,6.0,-4.0,9.0,-2.0,6.0,4.1,3.5,4.4,3.9000000000000004,-0.5,-0.40000000000000036,1,0,1
2026-05-16,Karunya,684929,929,9,2,9,5,16,5,0.0,7.0,4.0,8.0,3.0,4.0,8.0,8.0,3.0,9.0,2.0,7.0,0.0,4.0,1.0,-8.0,4.0,0.0,0.0,-5.0,1.0,-1.0,6.0,-4.0,3.9,3.9,4.8,-3.9,3.1,-0.7999999999999998,1,0,1
2026-05-17,Samrudhi,143965,965,9,6,5,6,17,5,9.0,2.0,9.0,0.0,7.0,4.0,8.0,3.0,4.0,8.0,8.0,3.0,9.0,2.0,7.0,9.0,-5.0,5.0,-8.0,4.0,0.0,0.0,-5.0,1.0,4.4,3.9,4.9,4.6,-1.9,4.1,0,1,0
2026-05-18,Bhagyathara,788952,952,9,5,2,0,18,5,9.0,6.0,5.0,9.0,2.0,9.0,0.0,7.0,4.0,8.0,3.0,4.0,8.0,8.0,3.0,0.0,4.0,-4.0,9.0,-5.0,5.0,-8.0,4.0,0.0,4.9,4.2,4.6,4.1,1.7999999999999998,0.40000000000000036,0,1,0
2026-05-19,Sthree Sakthi,587861,861,8,6,1,1,19,5,9.0,5.0,2.0,9.0,6.0,5.0,9.0,2.0,9.0,0.0,7.0,4.0,8.0,3.0,4.0,0.0,-1.0,-3.0,0.0,4.0,-4.0,9.0,-5.0,5.0,5.7,4.5,4.5,3.3,0.5,-2.5,0,0,1
2026-05-20,Dhanalekshmi,314005,005,0,0,5,2,20,5,8.0,6.0,1.0,9.0,5.0,2.0,9.0,6.0,5.0,9.0,2.0,9.0,0.0,7.0,4.0,-1.0,1.0,-1.0,0.0,-1.0,-3.0,0.0,4.0,-4.0,6.0,4.4,4.2,2.0,1.5999999999999996,-3.2,1,1,0
2026-05-21,Karunya Plus,945080,080,0,8,0,3,21,5,0.0,0.0,5.0,8.0,6.0,1.0,9.0,5.0,2.0,9.0,6.0,5.0,9.0,2.0,9.0,-8.0,-6.0,4.0,-1.0,1.0,-1.0,0.0,-1.0,-3.0,6.0,4.3,4.1,-6.0,-4.3,0.9000000000000004,1,1,0
2026-05-22,Suvarna Keralam,885786,786,7,8,6,4,22,5,0.0,8.0,0.0,0.0,0.0,5.0,8.0,6.0,1.0,9.0,5.0,2.0,9.0,6.0,5.0,0.0,8.0,-5.0,-8.0,-6.0,4.0,-1.0,1.0,-1.0,6.0,4.7,4.0,-6.0,3.3,-4.0,1,1,1
2026-05-23,Vishu Bumper,135452,452,4,5,2,5,23,5,7.0,8.0,6.0,0.0,8.0,0.0,0.0,0.0,5.0,8.0,6.0,1.0,9.0,5.0,2.0,7.0,0.0,6.0,0.0,8.0,-5.0,-8.0,-6.0,4.0,5.8,5.3,3.9,1.2000000000000002,2.7,2.1,0,1,1
2026-05-24,Samrudhi,232040,040,0,4,0,6,24,5,4.0,5.0,2.0,7.0,8.0,6.0,0.0,8.0,0.0,0.0,0.0,5.0,8.0,6.0,1.0,-3.0,-3.0,-4.0,7.0,0.0,6.0,0.0,8.0,-5.0,5.4,5.0,3.8,-1.4000000000000004,0.0,-1.7999999999999998,1,0,1
2026-05-25,Bhagyathara,659839,839,8,3,9,0,25,5,0.0,4.0,0.0,4.0,5.0,2.0,7.0,8.0,6.0,0.0,8.0,0.0,0.0,0.0,5.0,-4.0,-1.0,-2.0,-3.0,-3.0,-4.0,7.0,0.0,6.0,4.6,5.1,3.4,-4.6,-1.0999999999999996,-3.4,1,1,1
2026-05-26,Sthree Sakthi,904465,465,4,6,5,1,26,5,8.0,3.0,9.0,0.0,4.0,0.0,4.0,5.0,2.0,7.0,8.0,6.0,0.0,8.0,0.0,8.0,-1.0,9.0,-4.0,-1.0,-2.0,-3.0,-3.0,-4.0,5.4,4.7,3.9,2.5999999999999996,-1.7000000000000002,5.1,1,0,0
2026-05-27,Dhanalekshmi,498197,197,1,9,7,2,27,5,4.0,6.0,5.0,8.0,3.0,9.0,0.0,4.0,0.0,4.0,5.0,2.0,7.0,8.0,6.0,-4.0,3.0,-4.0,8.0,-1.0,9.0,-4.0,-1.0,-2.0,4.9,5.1,3.5,-0.9000000000000004,0.9000000000000004,1.5,1,1,0
2026-05-28,Karunya Plus,555435,435,4,3,5,3,28,5,1.0,9.0,7.0,4.0,6.0,5.0,8.0,3.0,9.0,0.0,4.0,0.0,4.0,5.0,2.0,-3.0,3.0,2.0,-4.0,3.0,-4.0,8.0,-1.0,9.0,4.1,5.4,3.7,-3.0999999999999996,3.5999999999999996,3.3,0,0,0
2026-05-29,Suvarna Keralam,412785,785,7,8,5,4,29,5,4.0,3.0,5.0,1.0,9.0,7.0,4.0,6.0,5.0,8.0,3.0,9.0,0.0,4.0,0.0,3.0,-6.0,-2.0,-3.0,3.0,2.0,-4.0,3.0,-4.0,3.6,5.2,4.0,0.3999999999999999,-2.2,1.0,1,0,0
2026-05-30,Karunya,144057,057,0,5,7,5,30,5,7.0,8.0,5.0,4.0,3.0,5.0,1.0,9.0,7.0,4.0,6.0,5.0,8.0,3.0,9.0,3.0,5.0,0.0,3.0,-6.0,-2.0,-3.0,3.0,2.0,3.5,5.4,4.4,3.5,2.5999999999999996,0.5999999999999996,0,1,0
2026-05-31,Samrudhi,328862,862,8,6,2,6,31,5,0.0,5.0,7.0,7.0,8.0,5.0,4.0,3.0,5.0,1.0,9.0,7.0,4.0,6.0,5.0,-7.0,-3.0,2.0,3.0,5.0,0.0,3.0,-6.0,-2.0,3.5,5.9,4.6,-3.5,-0.9000000000000004,2.4000000000000004,1,0,0
2026-06-01,BHAGYATHARA,681771,771,7,7,1,0,1,6,8.0,6.0,2.0,0.0,5.0,7.0,7.0,8.0,5.0,4.0,3.0,5.0,1.0,9.0,7.0,8.0,1.0,-5.0,-7.0,-3.0,2.0,3.0,5.0,0.0,4.3,5.7,4.8,3.7,0.2999999999999998,-2.8,1,1,1
2026-06-02,STHREE SAKTHI,292349,349,3,4,9,1,2,6,7.0,7.0,1.0,8.0,6.0,2.0,0.0,5.0,7.0,7.0,8.0,5.0,4.0,3.0,5.0,-1.0,1.0,-1.0,8.0,1.0,-5.0,-7.0,-3.0,2.0,4.3,5.6,4.3,2.7,1.4000000000000004,-3.3,0,0,0
2026-06-03,DHANALEKSHMI,494191,191,1,9,1,2,3,6,3.0,4.0,9.0,7.0,7.0,1.0,8.0,6.0,2.0,0.0,5.0,7.0,7.0,8.0,5.0,-4.0,-3.0,8.0,-1.0,1.0,-1.0,8.0,1.0,-5.0,4.2,5.5,5.0,-1.2000000000000002,-1.5,4.0,0,1,0
2026-06-04,KARUNYA PLUS,535010,010,0,1,0,3,4,6,1.0,9.0,1.0,3.0,4.0,9.0,7.0,7.0,1.0,8.0,6.0,2.0,0.0,5.0,7.0,-2.0,5.0,-8.0,-4.0,-3.0,8.0,-1.0,1.0,-1.0,4.3,6.0,5.1,-3.3,3.0,-4.1,0,0,0
2026-06-05,SUVARNA KERALAM,587609,609,6,0,9,4,5,6,0.0,1.0,0.0,1.0,9.0,1.0,3.0,4.0,9.0,7.0,7.0,1.0,8.0,6.0,2.0,-1.0,-8.0,-1.0,-2.0,5.0,-8.0,-4.0,-3.0,8.0,3.5,5.8,4.2,-3.5,-4.8,-4.2,1,0,1
2026-06-06,KARUNYA,881627,627,6,2,7,5,6,6,6.0,0.0,9.0,0.0,1.0,0.0,1.0,9.0,1.0,3.0,4.0,9.0,7.0,7.0,1.0,6.0,-1.0,9.0,-1.0,-8.0,-1.0,-2.0,5.0,-8.0,3.7,5.2,4.6,2.3,-5.2,4.4,1,1,0
2026-06-07,SAMRUDHI,852787,787,7,8,7,6,7,6,6.0,2.0,7.0,6.0,0.0,9.0,0.0,1.0,0.0,1.0,9.0,1.0,3.0,4.0,9.0,0.0,2.0,-2.0,6.0,-1.0,9.0,-1.0,-8.0,-1.0,4.2,4.5,4.6,1.7999999999999998,-2.5,2.4000000000000004,1,1,0
2026-06-08,BHAGYATHARA,603224,224,2,2,4,0,8,6,7.0,8.0,7.0,6.0,2.0,7.0,6.0,0.0,9.0,0.0,1.0,0.0,1.0,9.0,1.0,1.0,6.0,0.0,0.0,2.0,-2.0,6.0,-1.0,9.0,4.5,5.0,4.8,2.5,3.0,2.2,0,1,0
2026-06-09,STHREE SAKTHI,715081,081,0,8,1,1,9,6,2.0,2.0,4.0,7.0,8.0,7.0,6.0,2.0,7.0,6.0,0.0,9.0,0.0,1.0,0.0,-5.0,-6.0,-3.0,1.0,6.0,0.0,0.0,2.0,-2.0,4.0,4.4,4.7,-2.0,-2.4000000000000004,-0.7000000000000002,1,1,1
2026-06-10,DHANALEKSHMI,927572,572,5,7,2,2,10,6,0.0,8.0,1.0,2.0,2.0,4.0,7.0,8.0,7.0,6.0,2.0,7.0,6.0,0.0,9.0,-2.0,6.0,-3.0,-5.0,-6.0,-3.0,1.0,6.0,0.0,4.0,4.7,4.1,-4.0,3.3,-3.0999999999999996,1,1,0
2026-06-11,KARUNYA PLUS,995427,427,4,2,7,3,11,6,5.0,7.0,2.0,0.0,8.0,1.0,2.0,2.0,4.0,7.0,8.0,7.0,6.0,2.0,7.0,5.0,-1.0,1.0,-2.0,6.0,-3.0,-5.0,-6.0,-3.0,3.7,4.8,4.1,1.2999999999999998,2.2,-2.0999999999999996,0,0,1
2026-06-12,SUVARNA KERALAM,195668,668,6,6,8,4,12,6,4.0,2.0,7.0,5.0,7.0,2.0,0.0,8.0,1.0,2.0,2.0,4.0,7.0,8.0,7.0,-1.0,-5.0,5.0,5.0,-1.0,1.0,-2.0,6.0,-3.0,3.4,4.3,4.7,0.6000000000000001,-2.3,2.3,1,1,0
2026-06-13,KARUNYA,516613,613,6,1,3,5,13,6,6.0,6.0,8.0,4.0,2.0,7.0,5.0,7.0,2.0,0.0,8.0,1.0,2.0,2.0,4.0,2.0,4.0,1.0,-1.0,-5.0,5.0,5.0,-1.0,1.0,3.7,4.5,4.6,2.3,1.5,3.4000000000000004,1,1,1
2026-06-14,SAMRUDHI,935347,347,3,4,7,6,14,6,6.0,1.0,3.0,6.0,6.0,8.0,4.0,2.0,7.0,5.0,7.0,2.0,0.0,8.0,1.0,0.0,-5.0,-5.0,2.0,4.0,1.0,-1.0,-5.0,5.0,4.2,3.7,4.8,1.7999999999999998,-2.7,-1.7999999999999998,1,0,0
2026-06-15,BHAGYATHARA,987243,243,2,4,3,0,15,6,3.0,4.0,7.0,6.0,1.0,3.0,6.0,6.0,8.0,4.0,2.0,7.0,5.0,7.0,2.0,-3.0,3.0,4.0,0.0,-5.0,-5.0,2.0,4.0,1.0,4.5,4.0,5.5,-1.5,0.0,1.5,0,1,0
2026-06-16,STHREE SAKTHI,517126,126,1,2,6,1,16,6,2.0,4.0,3.0,3.0,4.0,7.0,6.0,1.0,3.0,6.0,6.0,8.0,4.0,2.0,7.0,-1.0,0.0,-4.0,-3.0,3.0,4.0,0.0,-5.0,-5.0,4.1,4.4,4.9,-2.0999999999999996,-0.40000000000000036,-1.9000000000000004,1,1,0
2026-06-17,KARUNYA PLUS,557857,857,8,5,7,2,17,6,1.0,2.0,6.0,2.0,4.0,3.0,3.0,4.0,7.0,6.0,1.0,3.0,6.0,6.0,8.0,-1.0,-2.0,3.0,-1.0,0.0,-4.0,-3.0,3.0,4.0,3.6,4.4,4.8,-2.6,-2.4000000000000004,1.2000000000000002,0,1,1
2026-06-18,KARUNYA PLUS,519786,786,7,8,6,3,18,6,8.0,5.0,7.0,1.0,2.0,6.0,2.0,4.0,3.0,3.0,4.0,7.0,6.0,1.0,3.0,7.0,3.0,1.0,-1.0,-2.0,3.0,-1.0,0.0,-4.0,3.7,4.1,4.8,4.3,0.9000000000000004,2.2,1,0,0
2026-06-19,SUVARNA KERALAM,366411,411,4,1,1,4,19,6,7.0,8.0,6.0,8.0,5.0,7.0,1.0,2.0,6.0,2.0,4.0,3.0,3.0,4.0,7.0,-1.0,3.0,-1.0,7.0,3.0,1.0,-1.0,-2.0,3.0,4.2,4.7,5.0,2.8,3.3,1.0,0,1,1
2026-06-20,KARUNYA,142351,351,3,5,1,5,20,6,4.0,1.0,1.0,7.0,8.0,6.0,8.0,5.0,7.0,1.0,2.0,6.0,2.0,4.0,3.0,-3.0,-7.0,-5.0,-1.0,3.0,-1.0,7.0,3.0,1.0,4.6,4.0,5.0,-0.5999999999999996,-3.0,-4.0,1,0,0
2026-06-21,SAMRUDHI,784074,074,0,7,4,6,21,6,3.0,5.0,1.0,4.0,1.0,1.0,7.0,8.0,6.0,8.0,5.0,7.0,1.0,2.0,6.0,-1.0,4.0,0.0,-3.0,-7.0,-5.0,-1.0,3.0,-1.0,4.4,3.8,4.9,-1.4000000000000004,1.2000000000000002,-3.9000000000000004,0,0,0
2026-06-22,BHAGYATHARA,304203,203,2,0,3,0,22,6,0.0,7.0,4.0,3.0,5.0,1.0,4.0,1.0,1.0,7.0,8.0,6.0,8.0,5.0,7.0,-3.0,2.0,3.0,-1.0,4.0,0.0,-3.0,-7.0,-5.0,4.0,4.3,4.6,-4.0,2.7,-0.5999999999999996,1,0,1
2026-06-23,STHREE SAKTHI,871122,122,1,2,2,1,23,6,2.0,0.0,3.0,0.0,7.0,4.0,3.0,5.0,1.0,4.0,1.0,1.0,7.0,8.0,6.0,2.0,-7.0,-1.0,-3.0,2.0,3.0,-1.0,4.0,0.0,3.6,3.7,4.1,-1.6,-3.7,-1.0999999999999996,1,1,0
2026-06-24,DHANALEKSHMI,308547,547,5,4,7,2,24,6,1.0,2.0,2.0,2.0,0.0,3.0,0.0,7.0,4.0,3.0,5.0,1.0,4.0,1.0,1.0,-1.0,2.0,-1.0,2.0,-7.0,-1.0,-3.0,2.0,3.0,3.1,3.8,4.0,-2.1,-1.7999999999999998,-2.0,0,1,1
2026-06-25,KARUNYA PLUS,184064,064,0,6,4,3,25,6,5.0,4.0,7.0,1.0,2.0,2.0,2.0,0.0,3.0,0.0,7.0,4.0,3.0,5.0,1.0,4.0,2.0,5.0,-1.0,2.0,-1.0,2.0,-7.0,-1.0,3.3,3.8,4.0,1.7000000000000002,0.20000000000000018,3.0,0,1,0
2026-06-26,SUVARNA KERALAM,628248,248,2,4,8,4,26,6,0.0,6.0,4.0,5.0,4.0,7.0,1.0,2.0,2.0,2.0,0.0,3.0,0.0,7.0,4.0,-5.0,2.0,-3.0,4.0,2.0,5.0,-1.0,2.0,-1.0,3.1,4.0,4.1,-3.1,2.0,-0.09999999999999964,1,1,1
2026-06-27,KARUNYA,372230,230,2,3,0,5,27,6,2.0,4.0,8.0,0.0,6.0,4.0,5.0,4.0,7.0,1.0,2.0,2.0,2.0,0.0,3.0,2.0,-2.0,4.0,-5.0,2.0,-3.0,4.0,2.0,5.0,3.2,4.2,4.3,-1.2000000000000002,-0.20000000000000018,3.7,1,1,1
2026-06-28,SAMRUDHI,893044,044,0,4,4,6,28,6,2.0,3.0,0.0,2.0,4.0,8.0,0.0,6.0,4.0,5.0,4.0,7.0,1.0,2.0,2.0,0.0,-1.0,-8.0,2.0,-2.0,4.0,-5.0,2.0,-3.0,2.6,4.0,3.6,-0.6000000000000001,-1.0,-3.6,1,0,1
2026-06-29,BHAGYATHARA,685446,446,4,4,6,0,29,6,0.0,4.0,4.0,2.0,3.0,0.0,2.0,4.0,8.0,0.0,6.0,4.0,5.0,4.0,7.0,-2.0,1.0,4.0,0.0,-1.0,-8.0,2.0,-2.0,4.0,1.9,3.6,3.4,-1.9,0.3999999999999999,0.6000000000000001,1,1,1
2026-06-30,STHREE SAKTHI,119013,013,0,1,3,1,30,6,4.0,4.0,6.0,0.0,4.0,4.0,2.0,3.0,0.0,2.0,4.0,8.0,0.0,6.0,4.0,4.0,0.0,2.0,-2.0,1.0,4.0,0.0,-1.0,-8.0,1.9,3.9,3.9,2.1,0.10000000000000009,2.1,1,1,1
2026-07-01,DHANALEKSHMI,777487,487,4,8,7,2,1,7,0.0,1.0,3.0,4.0,4.0,6.0,0.0,4.0,4.0,2.0,3.0,0.0,2.0,4.0,8.0,-4.0,-3.0,-3.0,4.0,0.0,2.0,-2.0,1.0,4.0,1.6,3.5,4.1,-1.6,-2.5,-1.0999999999999996,1,0,0
2026-07-02,Karunya Plus,902530,530,5,3,0,3,2,7,4.0,8.0,7.0,0.0,1.0,3.0,4.0,4.0,6.0,0.0,4.0,4.0,2.0,3.0,0.0,4.0,7.0,4.0,-4.0,-3.0,-3.0,4.0,0.0,2.0,2.0,3.6,4.4,2.0,4.4,2.5999999999999996,1,1,0
2026-07-03,SUVARNA KERALAM,545511,511,5,1,1,4,3,7,5.0,3.0,0.0,4.0,8.0,7.0,0.0,1.0,3.0,4.0,4.0,6.0,0.0,4.0,4.0,1.0,-5.0,-7.0,4.0,7.0,4.0,-4.0,-3.0,-3.0,2.3,3.9,4.1,2.7,-0.8999999999999999,-4.1,0,0,1
2026-07-04,KARUNYA,342721,721,7,2,1,5,4,7,5.0,1.0,1.0,5.0,3.0,0.0,4.0,8.0,7.0,0.0,1.0,3.0,4.0,4.0,6.0,0.0,-2.0,1.0,1.0,-5.0,-7.0,4.0,7.0,4.0,2.7,3.8,4.0,2.3,-2.8,-3.0,0,0,0
2026-07-05,SAMRUDHI,454496,496,4,9,6,6,5,7,7.0,2.0,1.0,5.0,1.0,1.0,5.0,3.0,0.0,4.0,8.0,7.0,0.0,1.0,3.0,2.0,1.0,0.0,0.0,-2.0,1.0,1.0,-5.0,-7.0,2.9,3.6,3.4,4.1,-1.6,-2.4,0,1,0
2026-07-06,BHAGYATHARA,906028,028,0,2,8,0,6,7,4.0,9.0,6.0,7.0,2.0,1.0,5.0,1.0,1.0,5.0,3.0,0.0,4.0,8.0,7.0,-3.0,7.0,5.0,2.0,1.0,0.0,0.0,-2.0,1.0,3.3,3.9,3.6,0.7000000000000002,5.1,2.4,1,0,1
2026-07-07,STHREE SAKTHI,308060,060,0,6,0,1,7,7,0.0,2.0,8.0,4.0,9.0,6.0,7.0,2.0,1.0,5.0,1.0,1.0,5.0,3.0,0.0,-4.0,-7.0,2.0,-3.0,7.0,5.0,2.0,1.0,0.0,3.1,3.7,3.6,-3.1,-1.7000000000000002,4.4,1,1,1
2026-07-08,DHANALEKSHMI,307478,478,4,7,8,2,8,7,0.0,6.0,0.0,0.0,2.0,8.0,4.0,9.0,6.0,7.0,2.0,1.0,5.0,1.0,1.0,0.0,4.0,-8.0,-4.0,-7.0,2.0,-3.0,7.0,5.0,2.9,4.0,3.6,-2.9,2.0,-3.6,1,1,1
2026-07-09,KARUNYA PLUS,129287,287,2,8,7,3,9,7,4.0,7.0,8.0,0.0,6.0,0.0,0.0,2.0,8.0,4.0,9.0,6.0,7.0,2.0,1.0,4.0,1.0,8.0,0.0,4.0,-8.0,-4.0,-7.0,2.0,3.3,4.3,4.0,0.7000000000000002,2.7,4.0,1,0,1
2026-07-10,SUVARNA KERALAM,114068,068,0,6,8,4,10,7,2.0,8.0,7.0,4.0,7.0,8.0,0.0,6.0,0.0,0.0,2.0,8.0,4.0,9.0,6.0,-2.0,1.0,-1.0,4.0,1.0,8.0,0.0,4.0,-8.0,3.1,4.7,4.1,-1.1,3.3,2.9000000000000004,1,1,0
2026-07-11,KARUNYA,877888,888,8,8,8,5,11,7,0.0,6.0,8.0,2.0,8.0,7.0,4.0,7.0,8.0,0.0,6.0,0.0,0.0,2.0,8.0,-2.0,-2.0,1.0,-2.0,1.0,-1.0,4.0,1.0,8.0,3.1,5.2,4.6,-3.1,0.7999999999999998,3.4000000000000004,1,1,1
2026-07-12,SAMRUDHI,915134,134,1,3,4,6,12,7,8.0,8.0,8.0,0.0,6.0,8.0,2.0,8.0,7.0,4.0,7.0,8.0,0.0,6.0,0.0,8.0,2.0,0.0,-2.0,-2.0,1.0,-2.0,1.0,-1.0,3.5,5.2,4.7,4.5,2.8,3.3,1,1,1
2026-07-13,BHAGYATHARA,540430,430,4,3,0,0,13,7,1.0,3.0,4.0,8.0,8.0,8.0,0.0,6.0,8.0,2.0,8.0,7.0,4.0,7.0,8.0,-7.0,-5.0,-4.0,8.0,2.0,0.0,-2.0,-2.0,1.0,3.1,5.2,5.1,-2.1,-2.2,-1.0999999999999996,0,0,1
2026-07-14,STHREE SAKTHI,663649,649,6,4,9,1,14,7,4.0,3.0,0.0,1.0,3.0,4.0,8.0,8.0,8.0,0.0,6.0,8.0,2.0,8.0,7.0,3.0,0.0,-4.0,-7.0,-5.0,-4.0,8.0,2.0,0.0,3.0,5.4,5.0,1.0,-2.4000000000000004,-5.0,1,0,1
2026-07-15,DHANALEKSHMI,259202,202,2,0,2,2,15,7,6.0,4.0,9.0,4.0,3.0,0.0,1.0,3.0,4.0,8.0,8.0,8.0,0.0,6.0,8.0,2.0,1.0,9.0,3.0,0.0,-4.0,-7.0,-5.0,-4.0,2.9,5.6,5.8,3.1,-1.5999999999999996,3.2,1,1,0
2026-07-16,KARUNYA PLUS,228687,687,6,8,7,3,16,7,2.0,0.0,2.0,6.0,4.0,9.0,4.0,3.0,0.0,1.0,3.0,4.0,8.0,8.0,8.0,-4.0,-4.0,-7.0,2.0,1.0,9.0,3.0,0.0,-4.0,2.7,4.7,5.4,-0.7000000000000002,-4.7,-3.4000000000000004,1,1,1
2026-07-17,SUVARNA KERALAM,532370,370,3,7,0,4,17,7,6.0,8.0,7.0,2.0,0.0,2.0,6.0,4.0,9.0,4.0,3.0,0.0,1.0,3.0,4.0,4.0,8.0,5.0,-4.0,-4.0,-7.0,2.0,1.0,9.0,3.3,5.3,5.3,2.7,2.7,1.7000000000000002,1,1,0
2026-07-18,Monsoon Bumper,576896,896,8,9,6,5,18,7,3.0,7.0,0.0,6.0,8.0,7.0,2.0,0.0,2.0,6.0,4.0,9.0,4.0,3.0,0.0,-3.0,-1.0,-7.0,4.0,8.0,5.0,-4.0,-4.0,-7.0,3.6,5.4,5.3,-0.6000000000000001,1.5999999999999996,-5.3,0,0,1
2026-07-19,SAMRUDHI,263925,925,9,2,5,6,19,7,8.0,9.0,6.0,3.0,7.0,0.0,6.0,8.0,7.0,2.0,0.0,2.0,6.0,4.0,9.0,5.0,2.0,6.0,-3.0,-1.0,-7.0,4.0,8.0,5.0,4.0,5.6,5.1,4.0,3.4000000000000004,0.9000000000000004,1,0,1
2026-07-20,BHAGYATHARA,709778,778,7,7,8,0,20,7,9.0,2.0,5.0,8.0,9.0,6.0,3.0,7.0,0.0,6.0,8.0,7.0,2.0,0.0,2.0,1.0,-7.0,-1.0,5.0,2.0,6.0,-3.0,-1.0,-7.0,4.7,5.0,4.9,4.3,-3.0,0.09999999999999964,0,1,0
2026-07-21,STHREE SAKTHI,204699,699,6,9,9,1,21,7,7.0,7.0,8.0,9.0,2.0,5.0,8.0,9.0,6.0,3.0,7.0,0.0,6.0,8.0,7.0,-2.0,5.0,3.0,1.0,-7.0,-1.0,5.0,2.0,6.0,5.4,5.1,4.9,1.5999999999999996,1.9000000000000004,3.0999999999999996,0,0,1
2026-07-22,DHANALEKSHMI,474225,225,2,2,5,2,22,7,6.0,9.0,9.0,7.0,7.0,8.0,9.0,2.0,5.0,8.0,9.0,6.0,3.0,7.0,0.0,-1.0,2.0,1.0,-2.0,5.0,3.0,1.0,-7.0,-1.0,5.2,5.2,5.0,0.7999999999999998,3.8,4.0,1,0,0
2026-07-23,KARUNYA PLUS,566404,404,4,0,4,3,23,7,2.0,2.0,5.0,6.0,9.0,9.0,7.0,7.0,8.0,9.0,2.0,5.0,8.0,9.0,6.0,-4.0,-7.0,-4.0,-1.0,2.0,1.0,-2.0,5.0,3.0,5.3,5.1,5.1,-3.3,-3.0999999999999996,-0.09999999999999964,1,1,0
2026-07-24,SUVARNA KERALAM,227527,527,5,2,7,4,24,7,4.0,0.0,4.0,2.0,2.0,5.0,6.0,9.0,9.0,7.0,7.0,8.0,9.0,2.0,5.0,2.0,-2.0,-1.0,-4.0,-7.0,-4.0,-1.0,2.0,1.0,5.3,4.8,5.5,-1.2999999999999998,-4.8,-1.5,1,1,1
2026-07-25,KARUNYA,845108,108,1,0,8,5,25,7,5.0,2.0,7.0,4.0,0.0,4.0,2.0,2.0,5.0,6.0,9.0,9.0,7.0,7.0,8.0,1.0,2.0,3.0,2.0,-2.0,-1.0,-4.0,-7.0,-4.0,5.2,4.6,5.3,-0.20000000000000018,-2.5999999999999996,1.7000000000000002,0,1,0
2026-07-26,SAMRUDHI,383014,014,0,1,4,6,26,7,1.0,0.0,8.0,5.0,2.0,7.0,4.0,0.0,4.0,2.0,2.0,5.0,6.0,9.0,9.0,-4.0,-2.0,1.0,1.0,2.0,3.0,2.0,-2.0,-1.0,5.1,4.6,5.9,-4.1,-4.6,2.0999999999999996,0,1,1
2026-07-27,BHAGYATHARA,559773,773,7,7,3,0,27,7,0.0,1.0,4.0,1.0,0.0,8.0,5.0,2.0,7.0,4.0,0.0,4.0,2.0,2.0,5.0,-1.0,1.0,-4.0,-4.0,-2.0,1.0,1.0,2.0,3.0,4.5,3.9,5.6,-4.5,-2.9,-1.5999999999999996,1,0,1
2026-07-28,STHREE SAKTHI,109550,550,5,5,0,1,28,7,7.0,7.0,3.0,0.0,1.0,4.0,1.0,0.0,8.0,5.0,2.0,7.0,4.0,0.0,4.0,7.0,6.0,-1.0,-1.0,1.0,-4.0,-4.0,-2.0,1.0,4.9,3.9,5.9,2.0999999999999996,3.1,-2.9000000000000004,0,0,0
2026-07-29,DHANALEKSHMI,632928,928,9,2,8,2,29,7,5.0,5.0,0.0,7.0,7.0,3.0,0.0,1.0,4.0,1.0,0.0,8.0,5.0,2.0,7.0,-2.0,-2.0,-3.0,7.0,6.0,-1.0,-1.0,1.0,-4.0,4.6,3.5,5.3,0.40000000000000036,1.5,-5.3,0,0,1
2026-07-30,KARUNYA PLUS,725644,644,6,4,4,3,30,7,9.0,2.0,8.0,5.0,5.0,0.0,7.0,7.0,3.0,0.0,1.0,4.0,1.0,0.0,8.0,4.0,-3.0,8.0,-2.0,-2.0,-3.0,7.0,6.0,-1.0,4.6,3.5,5.6,4.4,-1.5,2.4000000000000004,0,1,1
2026-07-31,SUVARNA KERALAM,578727,727,7,2,7,4,31,7,6.0,4.0,4.0,9.0,2.0,8.0,5.0,5.0,0.0,7.0,7.0,3.0,0.0,1.0,4.0,-3.0,2.0,-4.0,4.0,-3.0,8.0,-2.0,-2.0,-3.0,4.5,3.2,5.2,1.5,0.7999999999999998,-1.2000000000000002,1,1,1
2026-08-01,KARUNYA,247228,228,2,2,8,5,1,8,7.0,2.0,7.0,6.0,4.0,4.0,9.0,2.0,8.0,5.0,5.0,0.0,7.0,7.0,3.0,1.0,-2.0,3.0,-3.0,2.0,-4.0,4.0,-3.0,8.0,4.6,2.5,5.0,2.4000000000000004,-0.5,2.0,0,1,0
2026-08-02,SAMRUDHI,543482,482,4,8,2,6,2,8,2.0,2.0,8.0,7.0,2.0,7.0,6.0,4.0,4.0,9.0,2.0,8.0,5.0,5.0,0.0,-5.0,0.0,1.0,1.0,-2.0,3.0,-3.0,2.0,-4.0,4.6,2.5,5.3,-2.5999999999999996,-0.5,2.7,1,1,1
2026-08-03,BHAGYATHARA,737622,622,6,2,2,0,3,8,4.0,8.0,2.0,2.0,2.0,8.0,7.0,2.0,7.0,6.0,4.0,4.0,9.0,2.0,8.0,2.0,6.0,-6.0,-5.0,0.0,1.0,1.0,-2.0,3.0,4.6,3.3,5.1,-0.5999999999999996,4.7,-3.0999999999999996,1,1,1
2026-08-04,STHREE SAKTHI,279975,975,9,7,5,1,4,8,6.0,2.0,2.0,4.0,8.0,2.0,2.0,2.0,8.0,7.0,2.0,7.0,6.0,4.0,4.0,2.0,-6.0,0.0,2.0,6.0,-6.0,-5.0,0.0,1.0,4.7,3.3,4.6,1.2999999999999998,-1.2999999999999998,-2.5999999999999996,1,1,1
2026-08-05,DHANALEKSHMI,380334,334,3,3,4,2,5,8,9.0,7.0,5.0,6.0,2.0,2.0,4.0,8.0,2.0,2.0,2.0,8.0,7.0,2.0,7.0,3.0,5.0,3.0,2.0,-6.0,0.0,2.0,6.0,-6.0,5.5,4.0,4.3,3.5,3.0,0.7000000000000002,0,0,0
2026-08-06,KARUNYA PLUS,335769,769,7,6,9,3,6,8,3.0,3.0,4.0,9.0,7.0,5.0,6.0,2.0,2.0,4.0,8.0,2.0,2.0,2.0,8.0,-6.0,-4.0,-1.0,3.0,5.0,3.0,2.0,-6.0,0.0,5.8,4.2,4.3,-2.8,-1.2000000000000002,-0.2999999999999998,0,0,1
2026-08-07,SUVARNA KERALAM,467887,887,8,8,7,4,7,8,7.0,6.0,9.0,3.0,3.0,4.0,9.0,7.0,5.0,6.0,2.0,2.0,4.0,8.0,2.0,4.0,3.0,5.0,-6.0,-4.0,-1.0,3.0,5.0,3.0,5.8,4.1,4.9,1.2000000000000002,1.9000000000000004,4.1,0,1,0
2026-08-08,KARUNYA,267199,199,1,9,9,5,8,8,8.0,8.0,7.0,7.0,6.0,9.0,3.0,3.0,4.0,9.0,7.0,5.0,6.0,2.0,2.0,1.0,2.0,-2.0,4.0,3.0,5.0,-6.0,-4.0,-1.0,6.1,4.4,5.6,1.9000000000000004,3.5999999999999996,1.4000000000000004,1,1,0
2026-08-09,SAMRUDHI,236935,935,9,3,5,6,9,8,1.0,9.0,9.0,8.0,8.0,7.0,7.0,6.0,9.0,3.0,3.0,4.0,9.0,7.0,5.0,-7.0,1.0,2.0,1.0,2.0,-2.0,4.0,3.0,5.0,5.3,5.1,5.7,-4.3,3.9000000000000004,3.3,0,0,0
2026-08-10,BHAGYATHARA,263322,322,3,2,2,0,10,8,9.0,3.0,5.0,1.0,9.0,9.0,8.0,8.0,7.0,7.0,6.0,9.0,3.0,3.0,4.0,8.0,-6.0,-4.0,-7.0,1.0,2.0,1.0,2.0,-2.0,5.6,5.0,5.8,3.4000000000000004,-2.0,-0.7999999999999998,0,0,0
2026-08-11,STHREE SAKTHI,501348,348,3,4,8,1,11,8,3.0,2.0,2.0,9.0,3.0,5.0,1.0,9.0,9.0,8.0,8.0,7.0,7.0,6.0,9.0,-6.0,-1.0,-3.0,8.0,-6.0,-4.0,-7.0,1.0,2.0,5.2,5.0,5.3,-2.2,-3.0,-3.3,0,1,1
2026-08-12,DHANALEKSHMI,319327,327,3,2,7,2,12,8,3.0,4.0,8.0,3.0,2.0,2.0,9.0,3.0,5.0,1.0,9.0,9.0,8.0,8.0,7.0,0.0,2.0,6.0,-6.0,-1.0,-3.0,8.0,-6.0,-4.0,5.3,5.2,5.3,-2.3,-1.2000000000000002,2.7,0,1,1
2026-08-13,KARUNYA PLUS,809878,878,8,7,8,3,13,8,3.0,2.0,7.0,3.0,4.0,8.0,3.0,2.0,2.0,9.0,3.0,5.0,1.0,9.0,9.0,0.0,-2.0,-1.0,0.0,2.0,6.0,-6.0,-1.0,-3.0,5.2,4.6,5.8,-2.2,-2.5999999999999996,1.2000000000000002,0,1,0
2026-08-14,STHREE SAKTHI,264587,587,5,8,7,4,14,8,8.0,7.0,8.0,3.0,2.0,7.0,3.0,4.0,8.0,3.0,2.0,2.0,9.0,3.0,5.0,5.0,5.0,1.0,0.0,-2.0,-1.0,0.0,2.0,6.0,5.4,5.1,6.4,2.5999999999999996,1.9000000000000004,1.5999999999999996,1,0,1
2026-08-16,SAMRUDHI,246836,836,8,3,6,6,16,8,5.0,8.0,7.0,8.0,7.0,8.0,3.0,2.0,7.0,3.0,4.0,8.0,3.0,2.0,2.0,-3.0,1.0,-1.0,5.0,5.0,1.0,0.0,-2.0,-1.0,5.0,5.2,6.6,0.0,2.8,0.40000000000000036,0,1,0
2026-08-17,BHAGYATHARA,657325,325,3,2,5,0,17,8,8.0,3.0,6.0,5.0,8.0,7.0,8.0,7.0,8.0,3.0,2.0,7.0,3.0,4.0,8.0,3.0,-5.0,-1.0,-3.0,1.0,-1.0,5.0,5.0,1.0,5.5,5.2,6.8,2.5,-2.2,-0.7999999999999998,1,0,1
2026-08-18,STHREE SAKTHI,968860,860,8,6,0,1,18,8,3.0,2.0,5.0,8.0,3.0,6.0,5.0,8.0,7.0,8.0,7.0,8.0,3.0,2.0,7.0,-5.0,-1.0,-1.0,3.0,-5.0,-1.0,-3.0,1.0,-1.0,5.1,4.8,6.4,-2.0999999999999996,-2.8,-1.4000000000000004,0,1,0
2026-08-19,DHANALEKSHMI,635866,866,8,6,6,2,19,8,8.0,6.0,0.0,3.0,2.0,5.0,8.0,3.0,6.0,5.0,8.0,7.0,8.0,7.0,8.0,5.0,4.0,-5.0,-5.0,-1.0,-1.0,3.0,-5.0,-1.0,5.1,4.6,5.7,2.9000000000000004,1.4000000000000004,-5.7,1,1,1
2026-08-20,KARUNYA PLUS,789430,430,4,3,0,3,20,8,8.0,6.0,6.0,8.0,6.0,0.0,3.0,2.0,5.0,8.0,3.0,6.0,5.0,8.0,7.0,0.0,0.0,6.0,5.0,4.0,-5.0,-5.0,-1.0,-1.0,5.8,4.3,5.4,2.2,1.7000000000000002,0.5999999999999996,1,1,1
2026-08-21,SUVARNA KERALAM,671695,695,6,9,5,4,21,8,4.0,3.0,0.0,8.0,6.0,6.0,8.0,6.0,0.0,3.0,2.0,5.0,8.0,3.0,6.0,-4.0,-3.0,-6.0,0.0,0.0,6.0,5.0,4.0,-5.0,5.3,4.3,4.9,-1.2999999999999998,-1.2999999999999998,-4.9,1,0,1
2026-08-22,KARUNYA,159168,168,1,6,8,5,22,8,6.0,9.0,5.0,4.0,3.0,0.0,8.0,6.0,6.0,8.0,6.0,0.0,3.0,2.0,5.0,2.0,6.0,5.0,-4.0,-3.0,-6.0,0.0,0.0,6.0,5.6,5.0,5.2,0.40000000000000036,4.0,-0.20000000000000018,1,0,0
2026-08-23,SAMRUDHI,840315,315,3,1,5,6,23,8,1.0,6.0,8.0,6.0,9.0,5.0,4.0,3.0,0.0,8.0,6.0,6.0,8.0,6.0,0.0,-5.0,-3.0,3.0,2.0,6.0,5.0,-4.0,-3.0,-6.0,5.4,5.2,5.2,-4.4,0.7999999999999998,2.8,0,1,1
2026-08-24,BHAGYATHARA,585405,405,4,0,5,0,24,8,3.0,1.0,5.0,1.0,6.0,8.0,6.0,9.0,5.0,4.0,3.0,0.0,8.0,6.0,6.0,2.0,-5.0,-3.0,-5.0,-3.0,3.0,2.0,6.0,5.0,5.4,5.1,5.0,-2.4000000000000004,-4.1,0.0,0,0,0
2026-08-25,STHREE SAKTHI,974999,999,9,9,9,1,25,8,4.0,0.0,5.0,3.0,1.0,5.0,1.0,6.0,8.0,6.0,9.0,5.0,4.0,3.0,0.0,1.0,-1.0,0.0,2.0,-5.0,-3.0,-5.0,-3.0,3.0,5.0,4.4,4.7,-1.0,-4.4,0.2999999999999998,1,1,0
2026-08-27,KARUNYA PLUS,320327,327,3,2,7,3,27,8,9.0,9.0,9.0,4.0,0.0,5.0,3.0,1.0,5.0,1.0,6.0,8.0,6.0,9.0,5.0,5.0,9.0,4.0,1.0,-1.0,0.0,2.0,-5.0,-3.0,5.4,4.5,4.9,3.5999999999999996,4.5,4.1,0,0,0
2026-08-28,STHREE SAKTHI,483799,799,7,9,9,4,28,8,3.0,2.0,7.0,9.0,9.0,9.0,4.0,0.0,5.0,3.0,1.0,5.0,1.0,6.0,8.0,-6.0,-7.0,-2.0,5.0,9.0,4.0,1.0,-1.0,0.0,4.9,4.4,5.0,-1.9000000000000004,-2.4000000000000004,2.0,0,1,0
2026-08-29,KARUNYA,192899,899,8,9,9,5,29,8,7.0,9.0,9.0,3.0,2.0,7.0,9.0,9.0,9.0,4.0,0.0,5.0,3.0,1.0,5.0,4.0,7.0,2.0,-6.0,-7.0,-2.0,5.0,9.0,4.0,5.3,5.1,5.4,1.7000000000000002,3.9000000000000004,3.5999999999999996,0,0,0
2026-08-30,SAMRUDHI,695593,593,5,9,3,6,30,8,8.0,9.0,9.0,7.0,9.0,9.0,3.0,2.0,7.0,9.0,9.0,9.0,4.0,0.0,5.0,1.0,0.0,0.0,4.0,7.0,2.0,-6.0,-7.0,-2.0,5.3,5.4,6.3,2.7,3.5999999999999996,2.7,1,0,0
2026-08-31,BHAGYATHARA,870013,013,0,1,3,0,31,8,5.0,9.0,3.0,8.0,9.0,9.0,7.0,9.0,9.0,3.0,2.0,7.0,9.0,9.0,9.0,-3.0,0.0,-6.0,1.0,0.0,0.0,4.0,7.0,2.0,5.0,5.7,6.0,0.0,3.3,-3.0,0,0,0
2026-09-01,STHREE SAKTHI,507288,288,2,8,8,1,1,9,0.0,1.0,3.0,5.0,9.0,3.0,8.0,9.0,9.0,7.0,9.0,9.0,3.0,2.0,7.0,-5.0,-8.0,0.0,-3.0,0.0,-6.0,1.0,0.0,0.0,4.6,5.5,6.3,-4.6,-4.5,-3.3,1,0,0
2026-09-02,DHANALEKSHMI,267768,768,7,6,8,2,2,9,2.0,8.0,8.0,0.0,1.0,3.0,5.0,9.0,3.0,8.0,9.0,9.0,7.0,9.0,9.0,2.0,7.0,5.0,-5.0,-8.0,0.0,-3.0,0.0,-6.0,4.2,5.4,6.6,-2.2,2.5999999999999996,1.4000000000000004,1,1,1
2026-09-03,KARUNYA PLUS,228280,280,2,8,0,3,3,9,7.0,6.0,8.0,2.0,8.0,8.0,0.0,1.0,3.0,5.0,9.0,3.0,8.0,9.0,9.0,5.0,-2.0,0.0,2.0,7.0,5.0,-5.0,-8.0,0.0,4.8,5.4,6.6,2.2,0.5999999999999996,1.4000000000000004,0,1,1
2026-09-04,SUVARNA KERALAM,685763,763,7,6,3,4,4,9,2.0,8.0,0.0,7.0,6.0,8.0,2.0,8.0,8.0,0.0,1.0,3.0,5.0,9.0,3.0,-5.0,2.0,-8.0,5.0,-2.0,0.0,2.0,7.0,5.0,4.7,6.1,6.1,-2.7,1.9000000000000004,-6.1,1,1,1
2026-09-05,KARUNYA,799700,700,7,0,0,5,5,9,7.0,6.0,3.0,2.0,8.0,0.0,7.0,6.0,8.0,2.0,8.0,8.0,0.0,1.0,3.0,5.0,-2.0,3.0,-5.0,2.0,-8.0,5.0,-2.0,0.0,5.0,6.7,5.9,2.0,-0.7000000000000002,-2.9000000000000004,0,1,0
2026-09-06,SAMRUDHI,555248,248,2,4,8,6,6,9,7.0,0.0,0.0,7.0,6.0,3.0,2.0,8.0,0.0,7.0,6.0,8.0,2.0,8.0,8.0,0.0,-6.0,-3.0,5.0,-2.0,3.0,-5.0,2.0,-8.0,4.8,5.8,5.0,2.2,-5.8,-5.0,0,1,1
2026-09-07,BHAGYATHARA,653140,140,1,4,0,0,7,9,2.0,4.0,8.0,7.0,0.0,0.0,7.0,6.0,3.0,2.0,8.0,0.0,7.0,6.0,8.0,-5.0,4.0,8.0,0.0,-6.0,-3.0,5.0,-2.0,3.0,4.7,6.0,5.1,-2.7,-2.0,2.9000000000000004,1,1,1
2026-09-08,STHREE SAKTHI,583599,599,5,9,9,1,8,9,1.0,4.0,0.0,2.0,4.0,8.0,7.0,0.0,0.0,7.0,6.0,3.0,2.0,8.0,0.0,-1.0,0.0,-8.0,-5.0,4.0,8.0,0.0,-6.0,-3.0,4.1,5.5,4.2,-3.0999999999999996,-1.5,-4.2,0,1,1
2026-09-09,DHANALEKSHMI,546236,236,2,3,6,2,9,9,5.0,9.0,9.0,1.0,4.0,0.0,2.0,4.0,8.0,7.0,0.0,0.0,7.0,6.0,3.0,4.0,5.0,9.0,-1.0,0.0,-8.0,-5.0,4.0,8.0,3.8,5.5,4.2,1.2000000000000002,3.5,4.8,0,0,0
2026-09-10,KARUNYA PLUS,421269,269,2,6,9,3,10,9,2.0,3.0,6.0,5.0,9.0,9.0,1.0,4.0,0.0,2.0,4.0,8.0,7.0,0.0,0.0,-3.0,-6.0,-3.0,4.0,5.0,9.0,-1.0,0.0,-8.0,3.5,4.9,4.5,-1.5,-1.9000000000000004,1.5,1,0,1
2026-09-11,SUVARNA KERALAM,686822,822,8,2,2,4,11,9,2.0,6.0,9.0,2.0,3.0,6.0,5.0,9.0,9.0,1.0,4.0,0.0,2.0,4.0,8.0,0.0,3.0,3.0,-3.0,-6.0,-3.0,4.0,5.0,9.0,3.7,5.4,5.1,-1.7000000000000002,0.5999999999999996,3.9000000000000004,1,1,0
2026-09-12,KARUNYA,734269,269,2,6,9,5,12,9,8.0,2.0,2.0,2.0,6.0,9.0,2.0,3.0,6.0,5.0,9.0,9.0,1.0,4.0,0.0,6.0,-4.0,-7.0,0.0,3.0,3.0,-3.0,-6.0,-3.0,4.3,4.8,4.5,3.7,-2.8,-2.5,1,1,1
2026-09-13,SAMRUDHI,846979,979,9,7,9,6,13,9,2.0,6.0,9.0,8.0,2.0,2.0,2.0,6.0,9.0,2.0,3.0,6.0,5.0,9.0,9.0,-6.0,4.0,7.0,6.0,-4.0,-7.0,0.0,3.0,3.0,3.8,4.8,4.6,-1.7999999999999998,1.2000000000000002,4.4,1,1,0
2026-09-14,BHAGYATHARA,800635,635,6,3,5,0,14,9,9.0,7.0,9.0,2.0,6.0,9.0,8.0,2.0,2.0,2.0,6.0,9.0,2.0,3.0,6.0,7.0,1.0,0.0,-6.0,4.0,7.0,6.0,-4.0,-7.0,4.5,4.7,5.5,4.5,2.3,3.5,0,0,0
2026-09-15,STHREE SAKTHI,424460,460,4,6,0,1,15,9,6.0,3.0,5.0,9.0,7.0,9.0,2.0,6.0,9.0,8.0,2.0,2.0,2.0,6.0,9.0,-3.0,-4.0,-4.0,7.0,1.0,0.0,-6.0,4.0,7.0,4.4,4.4,5.7,1.5999999999999996,-1.4000000000000004,-0.7000000000000002,1,0,0
2026-09-16,DHANALEKSHMI,293215,215,2,1,5,2,16,9,4.0,6.0,0.0,6.0,3.0,5.0,9.0,7.0,9.0,2.0,6.0,9.0,8.0,2.0,2.0,-2.0,3.0,-5.0,-3.0,-4.0,-4.0,7.0,1.0,0.0,4.1,5.0,5.7,-0.09999999999999964,1.0,-5.7,1,1,1
2026-09-17,KARUNYA PLUS,687207,207,2,0,7,3,17,9,2.0,1.0,5.0,4.0,6.0,0.0,6.0,3.0,5.0,9.0,7.0,9.0,2.0,6.0,9.0,-2.0,-5.0,5.0,-2.0,3.0,-5.0,-3.0,-4.0,-4.0,4.1,4.7,5.4,-2.0999999999999996,-3.7,-0.40000000000000036,1,0,0
2026-09-18,SUVARNA KERALAM,807384,384,3,8,4,4,18,9,2.0,0.0,7.0,2.0,1.0,5.0,4.0,6.0,0.0,6.0,3.0,5.0,9.0,7.0,9.0,0.0,-1.0,2.0,-2.0,-5.0,5.0,-2.0,3.0,-5.0,4.2,4.3,6.1,-2.2,-4.3,0.9000000000000004,1,1,0
2026-09-19,KARUNYA,524700,700,7,0,0,5,19,9,3.0,8.0,4.0,2.0,0.0,7.0,2.0,1.0,5.0,4.0,6.0,0.0,6.0,3.0,5.0,1.0,8.0,-3.0,0.0,-1.0,2.0,-2.0,-5.0,5.0,4.0,4.2,5.6,-1.0,3.8,-1.5999999999999996,0,1,1
2026-09-20,SAMRUDHI,702572,572,5,7,2,6,20,9,7.0,0.0,0.0,3.0,8.0,4.0,2.0,0.0,7.0,2.0,1.0,5.0,4.0,6.0,0.0,4.0,-8.0,-4.0,1.0,8.0,-3.0,0.0,-1.0,2.0,4.5,3.9,5.0,2.5,-3.9,-5.0,0,1,1
